Arrangement,DRRMH-H-07 1/7,Description,Serial Number,Inventory Item Number,PAR/ICS Number,UPM Property Number,DOST Property Number,DOST-UPM PTR Number,UPS-UPM PTR Number,Specific Location,Remarks
1,NICER Project: Simulation-based Learning Laboratory,"24"" Industrial Stand fan",,,NIH-IHPDS2019-02 83,2108 1/2,,,,Stock Room,
2,NICER Project: Simulation-based Learning Laboratory,"24"" Industrial Stand fan",,,NIH-IHPDS2019-02 83,2109    ,,,,Stock Room,
3,NICER Project: Simulation-based Learning Laboratory,Crown Pro 5008R Portable Sound System,,,2019-0188,1993,,,,Stock Room,
4,NICER Project: Simulation-based Learning Laboratory,Turbo Vaccum w/ 1 extra vaccum filter,,,NIH2021-224,NIHS-257,,,,Stock Room,
5,NICER Project: Simulation-based Learning Laboratory,Hard Hat (Yellow),,,NIH2020-46,NIH-52 1/50,DOST GIA-23-2315-14,,,Stock Room,
6,NICER Project: Simulation-based Learning Laboratory,Hard Hat,,,NIH2020-46,NIH-52 1/50,,,,Stock Room,
7,NICER Project: Simulation-based Learning Laboratory,Hard Hat (Yellow),,,NIH2020-46,NIH-52 2/50,DOST GIA-23-2315-20,,,Stock Room,
8,NICER Project: Simulation-based Learning Laboratory,Hard Hat (Yellow),,,NIH2020-46,NIH-52 3/50,DOST GIA-23-2315-18,,,Stock Room,
9,NICER Project: Simulation-based Learning Laboratory,Hard Hat (Yellow),,,NIH2020-46,NIH-52 4/50,DOST GIA-23-2315-6,,,Stock Room,
10,NICER Project: Simulation-based Learning Laboratory,Hard Hat (Yellow),,,NIH2020-46,NIH-52 5/50,DOST GIA-23-2315-15,,,Stock Room,
11,NICER Project: Simulation-based Learning Laboratory,Hard Hat (Yellow),,,NIH2020-46,NIH-52 6/50,DOST GIA-23-2315-17,,,Stock Room,
12,NICER Project: Simulation-based Learning Laboratory,Hard Hat (Yellow),,,NIH2020-46,NIH-52 7/50,DOST GIA-23-2315-13,,,Stock Room,
13,NICER Project: Simulation-based Learning Laboratory,Hard Hat (Yellow),,,NIH2020-46,NIH-52 8/50,DOST GIA-23-2315-16,,,Stock Room,
14,NICER Project: Simulation-based Learning Laboratory,Hard Hat (Green),,,NIH2020-46,NIH-52 9/50,DOST GIA-23-2315-46,,,Stock Room,
15,NICER Project: Simulation-based Learning Laboratory,Hard Hat (Green),,,NIH2020-46,NIH-52 10/50,DOST GIA-23-2315-43,,,Stock Room,
16,NICER Project: Simulation-based Learning Laboratory,Hard Hat (Green),,,NIH2020-46,NIH-52 11/50,DOST GIA-23-2315-48,,,Stock Room,
17,NICER Project: Simulation-based Learning Laboratory,Hard Hat (Green),,,NIH2020-46,NIH-52 12/50,DOST GIA-23-2314-1,,,Stock Room,
18,NICER Project: Simulation-based Learning Laboratory,Hard Hat (Green),,,NIH2020-46,NIH-52 13/50,DOST GIA-23-2315,,,Stock Room,
19,NICER Project: Simulation-based Learning Laboratory,Hard Hat (Green),,,NIH2020-46,NIH-52 14/50,DOST GIA-23-2315-2,,,Stock Room,
20,NICER Project: Simulation-based Learning Laboratory,Hard Hat (Green),,,NIH2020-46,NIH-52 15/50,DOST GIA-23-2315-45,,,Stock Room,
21,NICER Project: Simulation-based Learning Laboratory,Hard Hat (Green),,,NIH2020-46,NIH-52 16/50,DOST GIA-23-2315-47,,,Stock Room,
22,NICER Project: Simulation-based Learning Laboratory,Hard Hat (Red),,,NIH2020-46,NIH-52 17/50,DOST GIA-23-2315-9,,,Stock Room,
23,NICER Project: Simulation-based Learning Laboratory,Hard Hat (Red),,,NIH2020-46,NIH-52 18/50,DOST GIA-23-2315-5,,,Stock Room,
24,NICER Project: Simulation-based Learning Laboratory,Hard Hat (Red),,,NIH2020-46,NIH-52 19/50,DOST GIA-23-2315-3,,,Stock Room,
25,NICER Project: Simulation-based Learning Laboratory,Hard Hat (Red),,,NIH2020-46,NIH-52 20/50,DOST GIA-23-2315-7,,,Stock Room,
26,NICER Project: Simulation-based Learning Laboratory,Hard Hat (Red),,,NIH2020-46,NIH-52 21/50,DOST GIA-23-2315-11,,,Stock Room,
27,NICER Project: Simulation-based Learning Laboratory,Hard Hat (Red),,,NIH2020-46,NIH-52 22/50,DOST GIA-23-2315-10,,,Stock Room,
28,NICER Project: Simulation-based Learning Laboratory,Hard Hat (White),,,NIH2020-46,NIH-52 23/50,DOST GIA-23-2315-22,,,Stock Room,
29,NICER Project: Simulation-based Learning Laboratory,Hard Hat (Red),,,,NIH-52 23/50,DOST GIA-23-2315-12,,,Stock Room,
30,NICER Project: Simulation-based Learning Laboratory,Hard Hat (Red),,,NIH2020-46,NIH-52 24/50,DOST GIA-23-2315-8,,,Stock Room,
31,NICER Project: Simulation-based Learning Laboratory,Hard Hat (Red),,,NIH2020-46,NIH-52 25/50,DOST GIA-23-2315-4,,,Stock Room,
32,NICER Project: Simulation-based Learning Laboratory,Hard Hat (White),,,NIH2020-46,NIH-52 26/50,DOST GIA-23-2315-21,,,Stock Room,
33,NICER Project: Simulation-based Learning Laboratory,Hard Hat (White),,,NIH2020-46,NIH-52 27/50,DOST GIA-23-2315-25,,,Stock Room,
34,NICER Project: Simulation-based Learning Laboratory,Hard Hat (White),,,NIH2020-46,NIH-52 28/50,DOST GIA-23-2315-30,,,Stock Room,
35,NICER Project: Simulation-based Learning Laboratory,Hard Hat,,,NIH2020-46,NIH-52 29/50,,,,Stock Room,
36,NICER Project: Simulation-based Learning Laboratory,Hard Hat (White),,,NIH2020-46,NIH-52 30/50,DOST GIA-23-2315-27,,,Stock Room,
37,NICER Project: Simulation-based Learning Laboratory,Hard Hat (White),,,NIH2020-46,NIH-52 31/50,DOST GIA-23-2315-29,,,Stock Room,
38,NICER Project: Simulation-based Learning Laboratory,Hard Hat (White),,,NIH2020-46,NIH-52 32/50,DOST GIA-23-2315-32,,,Stock Room,
39,NICER Project: Simulation-based Learning Laboratory,Hard Hat (White),,,NIH2020-46,NIH-52 33/50,DOST GIA-23-2315-31,,,Stock Room,
40,NICER Project: Simulation-based Learning Laboratory,Hard Hat (White),,,NIH2020-46,NIH-52 34/50,DOST GIA-23-2315-24,,,Stock Room,
41,NICER Project: Simulation-based Learning Laboratory,Hard Hat (Blue),,,NIH2020-46,NIH-52 35/50,DOST GIA-23-2315-19,,,Stock Room,
42,NICER Project: Simulation-based Learning Laboratory,Hard Hat (Blue),,,NIH2020-46,NIH-52 36/50,DOST GIA-23-2315-23,,,Stock Room,
43,NICER Project: Simulation-based Learning Laboratory,Hard Hat (Blue),,,NIH2020-46,NIH-52 37/50,DOST GIA-23-2315-26,,,Stock Room,
44,NICER Project: Simulation-based Learning Laboratory,Hard Hat (Blue)*,,,,NIH-52 38/50,DOST GIA-23-2315,,,Stock Room,
45,NICER Project: Simulation-based Learning Laboratory,Hard Hat (Blue),,,NIH2020-46,NIH-52 38/50,DOST GIA-33-3315-28,,,Stock Room,
46,NICER Project: Simulation-based Learning Laboratory,Hard Hat,,,NIH2020-46,NIH-52 39/50,,,,Stock Room,
47,NICER Project: Simulation-based Learning Laboratory,Hard Hat (Blue),,,NIH2020-46,NIH-52 40/50,DOST GIA-23-2315-42,,,Stock Room,
48,NICER Project: Simulation-based Learning Laboratory,Hard Hat (Blue),,,NIH2020-46,NIH-52 41/50,DOST GIA-23-231544,,,Stock Room,
49,NICER Project: Simulation-based Learning Laboratory,Hard Hat (Blue),,,NIH2020-46,NIH-52 42/50,DOST GIA-23-2315-40,,,Stock Room,
50,NICER Project: Simulation-based Learning Laboratory,Hard Hat (Orange)*,,,,NIH-52 43-50,DOST GIA-23-2315-35,,,Stock Room,
51,NICER Project: Simulation-based Learning Laboratory,Hard Hat (Orange),,,NIH2020-46,NIH-52 43/50,DOST GIA-23-2315-39,,,Stock Room,
52,NICER Project: Simulation-based Learning Laboratory,Hard Hat (Orange),,,NIH2020-46,NIH-52 44/50,DOST GIA-23-2315-38,,,Stock Room,
53,NICER Project: Simulation-based Learning Laboratory,Hard Hat (Orange),,,NIH2020-46,NIH-52 45/50,DOST GIA-23-2315-34,,,Stock Room,
54,NICER Project: Simulation-based Learning Laboratory,Hard Hat (Orange),,,NIH2020-46,NIH-52 46/50,DOST GIA-23-2315-33,,,Stock Room,
55,NICER Project: Simulation-based Learning Laboratory,Hard Hat (Orange),,,NIH2020-46,NIH-52 47/50,DOST GIA-23-2315-36,,,Stock Room,
56,NICER Project: Simulation-based Learning Laboratory,Hard Hat (Orange),,,NIH2020-46,NIH-52 48/50,DOST-GIA-23-2315-37,,,Stock Room,
57,NICER Project: Simulation-based Learning Laboratory,Hard Hat,,,NIH2020-46,NIH-52 49/50,,,,Stock Room,
58,NICER Project: Simulation-based Learning Laboratory,Hard Hat (Orange),,,NIH2020-46,NIH-52 50/50,DOST GIA-23-2315-41,,,Stock Room,
59,NICER Project: Simulation-based Learning Laboratory,Whistle,,,DRRM2024-001,DRRM-L-05 1/150,,,,Stock Room,
60,NICER Project: Simulation-based Learning Laboratory,Whistle,,,DRRM2024-001,DRRM-L-05 2/150,,,,Stock Room,
61,NICER Project: Simulation-based Learning Laboratory,Whistle,,,DRRM2024-001,DRRM-L-05 3/150,,,,Stock Room,
62,NICER Project: Simulation-based Learning Laboratory,Whistle,,,DRRM2024-001,DRRM-L-05  4/150,,,,Stock Room,
63,NICER Project: Simulation-based Learning Laboratory,Whistle,,,DRRM2024-001,DRRM-L-05 5/150,,,,Stock Room,
64,NICER Project: Simulation-based Learning Laboratory,Whistle,,,DRRM2024-001,DRRM-L-05 6/150,,,,Stock Room,
65,NICER Project: Simulation-based Learning Laboratory,Whistle,,,DRRM2024-001,DRRM-L-05 7/150,,,,Stock Room,
66,NICER Project: Simulation-based Learning Laboratory,Whistle,,,DRRM2024-001,DRRM-L-05 8/150,,,,Stock Room,
67,NICER Project: Simulation-based Learning Laboratory,Whistle,,,DRRM2024-001,DRRM-L-05 9/150,,,,Stock Room,
68,NICER Project: Simulation-based Learning Laboratory,Whistle,,,DRRM2024-001,DRRM-L-05  10/150,,,,Stock Room,
69,NICER Project: Simulation-based Learning Laboratory,Whistle,,,DRRM2024-001,DRRM-L-05 11/150,,,,Stock Room,
70,NICER Project: Simulation-based Learning Laboratory,Whistle,,,DRRM2024-001,DRRM-L-05 12/150,,,,Stock Room,
71,NICER Project: Simulation-based Learning Laboratory,Whistle,,,DRRM2024-001,DRRM-L-05 13/150,,,,Stock Room,
72,NICER Project: Simulation-based Learning Laboratory,Whistle,,,DRRM2024-001,DRRM-L-05 14/150,,,,Stock Room,
73,NICER Project: Simulation-based Learning Laboratory,Whistle,,,DRRM2024-001,DRRM-L-05 15/150,,,,Stock Room,
74,NICER Project: Simulation-based Learning Laboratory,Whistle,,,DRRM2024-001,DRRM-L-05 16/150,,,,Stock Room,
75,NICER Project: Simulation-based Learning Laboratory,Whistle,,,DRRM2024-001,DRRM-L-05 17/150,,,,Stock Room,
76,NICER Project: Simulation-based Learning Laboratory,Whistle,,,DRRM2024-001,DRRM-L-05 18/150,,,,Stock Room,
77,NICER Project: Simulation-based Learning Laboratory,Whistle,,,DRRM2024-001,DRRM-L-05 19/150,,,,Stock Room,
78,NICER Project: Simulation-based Learning Laboratory,Whistle,,,DRRM2024-001,DRRM-L-05 20/150,,,,Stock Room,
79,NICER Project: Simulation-based Learning Laboratory,Whistle,,,DRRM2024-001,DRRM-L-05 21/150,,,,Stock Room,
80,NICER Project: Simulation-based Learning Laboratory,Whistle,,,DRRM2024-001,DRRM-L-05 22/150,,,,Stock Room,
81,NICER Project: Simulation-based Learning Laboratory,Whistle,,,DRRM2024-001,DRRM-L-05 23/150,,,,Stock Room,
82,NICER Project: Simulation-based Learning Laboratory,Whistle,,,DRRM2024-001,DRRM-L-05 24/150,,,,Stock Room,
83,NICER Project: Simulation-based Learning Laboratory,Whistle,,,DRRM2024-001,DRRM-L-05 25/150,,,,Stock Room,
84,NICER Project: Simulation-based Learning Laboratory,Whistle,,,DRRM2024-001,DRRM-L-05 26/150,,,,Stock Room,
85,NICER Project: Simulation-based Learning Laboratory,Whistle,,,DRRM2024-001,DRRM-L-05 27/150,,,,Stock Room,
86,NICER Project: Simulation-based Learning Laboratory,Whistle,,,DRRM2024-001,DRRM-L-05 28/150,,,,Stock Room,
87,NICER Project: Simulation-based Learning Laboratory,Whistle,,,DRRM2024-001,DRRM-L-05 29/150,,,,Stock Room,
88,NICER Project: Simulation-based Learning Laboratory,Whistle,,,DRRM2024-001,DRRM-L-05 30/150,,,,Stock Room,
89,NICER Project: Simulation-based Learning Laboratory,Whistle,,,DRRM2024-001,DRRM-L-05 31/150,,,,Stock Room,
90,NICER Project: Simulation-based Learning Laboratory,Whistle,,,DRRM2024-001,DRRM-L-05 32/150,,,,Stock Room,
91,NICER Project: Simulation-based Learning Laboratory,Whistle,,,DRRM2024-001,DRRM-L-05 33/150,,,,Stock Room,
92,NICER Project: Simulation-based Learning Laboratory,Whistle,,,DRRM2024-001,DRRM-L-05 34/150,,,,Stock Room,
93,NICER Project: Simulation-based Learning Laboratory,Whistle,,,DRRM2024-001,DRRM-L-05 35/150,,,,Stock Room,
94,NICER Project: Simulation-based Learning Laboratory,Whistle,,,DRRM2024-001,DRRM-L-05 36/150,,,,Stock Room,
95,NICER Project: Simulation-based Learning Laboratory,Whistle,,,DRRM2024-001,DRRM-L-05 37/150,,,,Stock Room,
96,NICER Project: Simulation-based Learning Laboratory,Whistle,,,DRRM2024-001,DRRM-L-05 38/150,,,,Stock Room,
97,NICER Project: Simulation-based Learning Laboratory,Whistle,,,DRRM2024-001,DRRM-L-05 39/150,,,,Stock Room,
98,NICER Project: Simulation-based Learning Laboratory,Whistle,,,DRRM2024-001,DRRM-L-05  40/150,,,,Stock Room,
99,NICER Project: Simulation-based Learning Laboratory,Whistle,,,DRRM2024-001,DRRM-L-05 41/150,,,,Stock Room,
100,NICER Project: Simulation-based Learning Laboratory,Whistle,,,DRRM2024-001,DRRM-L-05 42/150,,,,Stock Room,
101,NICER Project: Simulation-based Learning Laboratory,Whistle,,,DRRM2024-001,DRRM-L-05 43/150,,,,Stock Room,
102,NICER Project: Simulation-based Learning Laboratory,Whistle,,,DRRM2024-001,DRRM-L-05 44/150,,,,Stock Room,
103,NICER Project: Simulation-based Learning Laboratory,Whistle,,,DRRM2024-001,DRRM-L-05 45/150,,,,Stock Room,
104,NICER Project: Simulation-based Learning Laboratory,Whistle,,,DRRM2024-001,DRRM-L-05 46/150,,,,Stock Room,
105,NICER Project: Simulation-based Learning Laboratory,Whistle,,,DRRM2024-001,DRRM-L-05  47/150,,,,Stock Room,
106,NICER Project: Simulation-based Learning Laboratory,Whistle,,,DRRM2024-001,DRRM-L-05 48/150,,,,Stock Room,
107,NICER Project: Simulation-based Learning Laboratory,Whistle,,,DRRM2024-001,DRRM-L-05 49/150,,,,Stock Room,
108,NICER Project: Simulation-based Learning Laboratory,Whistle,,,DRRM2024-001,DRRM-L-05 50/150,,,,Stock Room,
109,NICER Project: Simulation-based Learning Laboratory,Whistle,,,DRRM2024-001,DRRM-L-05 51/150,,,,Stock Room,
110,NICER Project: Simulation-based Learning Laboratory,Whistle,,,DRRM2024-001,DRRM-L-05 52/150,,,,Stock Room,
111,NICER Project: Simulation-based Learning Laboratory,Whistle,,,DRRM2024-001,DRRM-L-05 53/150,,,,Stock Room,
112,NICER Project: Simulation-based Learning Laboratory,Whistle,,,DRRM2024-001,DRRM-L-05 54/150,,,,Stock Room,
113,NICER Project: Simulation-based Learning Laboratory,Whistle,,,DRRM2024-001,DRRM-L-05 55/150,,,,Stock Room,
114,NICER Project: Simulation-based Learning Laboratory,Whistle,,,DRRM2024-001,DRRM-L-05 56/150,,,,Stock Room,
115,NICER Project: Simulation-based Learning Laboratory,Whistle,,,DRRM2024-001,DRRM-L-05 57/150,,,,Stock Room,
116,NICER Project: Simulation-based Learning Laboratory,Whistle,,,DRRM2024-001,DRRM-L-05 58/150,,,,Stock Room,
117,NICER Project: Simulation-based Learning Laboratory,Whistle,,,DRRM2024-001,DRRM-L-05 59/150,,,,Stock Room,
118,NICER Project: Simulation-based Learning Laboratory,Whistle,,,DRRM2024-001,DRRM-L-05 60/150,,,,Stock Room,
119,NICER Project: Simulation-based Learning Laboratory,Whistle,,,DRRM2024-001,DRRM-L-05 61/150,,,,Stock Room,
120,NICER Project: Simulation-based Learning Laboratory,Whistle,,,DRRM2024-001,DRRM-L-05 62/150,,,,Stock Room,
121,NICER Project: Simulation-based Learning Laboratory,Whistle,,,DRRM2024-001,DRRM-L-05 63/150,,,,Stock Room,
122,NICER Project: Simulation-based Learning Laboratory,Whistle,,,DRRM2024-001,DRRM-L-05 64/150,,,,Stock Room,
123,NICER Project: Simulation-based Learning Laboratory,Whistle,,,DRRM2024-001,DRRM-L-05 65/150,,,,Stock Room,
124,NICER Project: Simulation-based Learning Laboratory,Whistle,,,DRRM2024-001,DRRM-L-05 66/150,,,,Stock Room,
125,NICER Project: Simulation-based Learning Laboratory,Whistle,,,DRRM2024-001,DRRM-L-05 67/150,,,,Stock Room,
126,NICER Project: Simulation-based Learning Laboratory,Whistle,,,DRRM2024-001,DRRM-L-05 68/150,,,,Stock Room,
127,NICER Project: Simulation-based Learning Laboratory,Whistle,,,DRRM2024-001,DRRM-L-05 69/150,,,,Stock Room,
128,NICER Project: Simulation-based Learning Laboratory,Whistle,,,DRRM2024-001,DRRM-L-05 70/150,,,,Stock Room,
129,NICER Project: Simulation-based Learning Laboratory,Whistle,,,DRRM2024-001,DRRM-L-05 71/150,,,,Stock Room,
130,NICER Project: Simulation-based Learning Laboratory,Whistle,,,DRRM2024-001,DRRM-L-05 72/150,,,,Stock Room,
131,NICER Project: Simulation-based Learning Laboratory,Whistle,,,DRRM2024-001,DRRM-L-05 73/150,,,,Stock Room,
132,NICER Project: Simulation-based Learning Laboratory,Whistle,,,DRRM2024-001,DRRM-L-05 74/150,,,,Stock Room,
133,NICER Project: Simulation-based Learning Laboratory,Whistle,,,DRRM2024-001,DRRM-L-05 75/150,,,,Stock Room,
134,NICER Project: Simulation-based Learning Laboratory,Whistle,,,DRRM2024-001,DRRM-L-05 76/150,,,,Stock Room,
135,NICER Project: Simulation-based Learning Laboratory,Whistle,,,DRRM2024-001,DRRM-L-05 77/150,,,,Stock Room,
136,NICER Project: Simulation-based Learning Laboratory,Whistle,,,DRRM2024-001,DRRM-L-05 78/150,,,,Stock Room,
137,NICER Project: Simulation-based Learning Laboratory,Whistle,,,DRRM2024-001,DRRM-L-05 79/150,,,,Stock Room,
138,NICER Project: Simulation-based Learning Laboratory,Whistle,,,DRRM2024-001,DRRM-L-05 80/150,,,,Stock Room,
139,NICER Project: Simulation-based Learning Laboratory,Whistle,,,DRRM2024-001,DRRM-L-05 81/150,,,,Stock Room,
140,NICER Project: Simulation-based Learning Laboratory,Whistle,,,DRRM2024-001,DRRM-L-05  82/150,,,,Stock Room,
141,NICER Project: Simulation-based Learning Laboratory,Whistle,,,DRRM2024-001,DRRM-L-05 83/150,,,,Stock Room,
142,NICER Project: Simulation-based Learning Laboratory,Whistle,,,DRRM2024-001,DRRM-L-05 84/150,,,,Stock Room,
143,NICER Project: Simulation-based Learning Laboratory,Whistle,,,DRRM2024-001,DRRM-L-05 85/150,,,,Stock Room,
144,NICER Project: Simulation-based Learning Laboratory,Whistle,,,DRRM2024-001,DRRM-L-05 86/150,,,,Stock Room,
145,NICER Project: Simulation-based Learning Laboratory,Whistle,,,DRRM2024-001,DRRM-L-05 87/150,,,,Stock Room,
146,NICER Project: Simulation-based Learning Laboratory,Whistle,,,DRRM2024-001,DRRM-L-05 88/150,,,,Stock Room,
147,NICER Project: Simulation-based Learning Laboratory,Whistle,,,DRRM2024-001,DRRM-L-05 89/150,,,,Stock Room,
148,NICER Project: Simulation-based Learning Laboratory,Whistle,,,DRRM2024-001,DRRM-L-05 90/150,,,,Stock Room,
149,NICER Project: Simulation-based Learning Laboratory,Whistle,,,DRRM2024-001,DRRM-L-05 91/150,,,,Stock Room,
150,NICER Project: Simulation-based Learning Laboratory,Whistle,,,DRRM2024-001,DRRM-L-05 92/150,,,,Stock Room,
151,NICER Project: Simulation-based Learning Laboratory,Whistle,,,DRRM2024-001,DRRM-L-05 93/150,,,,Stock Room,
152,NICER Project: Simulation-based Learning Laboratory,Whistle,,,DRRM2024-001,DRRM-L-05 94/150,,,,Stock Room,
153,NICER Project: Simulation-based Learning Laboratory,Whistle,,,DRRM2024-001,DRRM-L-05 95/150,,,,Stock Room,
154,NICER Project: Simulation-based Learning Laboratory,Whistle,,,DRRM2024-001,DRRM-L-05 96/150,,,,Stock Room,
155,NICER Project: Simulation-based Learning Laboratory,Whistle,,,DRRM2024-001,DRRM-L-05 97/150,,,,Stock Room,
156,NICER Project: Simulation-based Learning Laboratory,Whistle,,,DRRM2024-001,DRRM-L-05 98/150,,,,Stock Room,
157,NICER Project: Simulation-based Learning Laboratory,Whistle,,,DRRM2024-001,DRRM-L-05 99/150,,,,Stock Room,
158,NICER Project: Simulation-based Learning Laboratory,Whistle,,,DRRM2024-001,DRRM-L-05 100/150,,,,Stock Room,
159,NICER Project: Simulation-based Learning Laboratory,Whistle,,,DRRM2024-001,DRRM-L-05 101/150,,,,Stock Room,
160,NICER Project: Simulation-based Learning Laboratory,Whistle,,,DRRM2024-001,DRRM-L-05 102/150,,,,Stock Room,
161,NICER Project: Simulation-based Learning Laboratory,Whistle,,,DRRM2024-001,DRRM-L-05 103/150,,,,Stock Room,
162,NICER Project: Simulation-based Learning Laboratory,Whistle,,,DRRM2024-001,DRRM-L-05 104/150,,,,Stock Room,
163,NICER Project: Simulation-based Learning Laboratory,Whistle,,,DRRM2024-001,DRRM-L-05 105/150,,,,Stock Room,
164,NICER Project: Simulation-based Learning Laboratory,Whistle,,,DRRM2024-001,DRRM-L-05 106/150,,,,Stock Room,
165,NICER Project: Simulation-based Learning Laboratory,Whistle,,,DRRM2024-001,DRRM-L-05 107/150,,,,Stock Room,
166,NICER Project: Simulation-based Learning Laboratory,Whistle,,,DRRM2024-001,DRRM-L-05 108/150,,,,Stock Room,
167,NICER Project: Simulation-based Learning Laboratory,Whistle,,,DRRM2024-001,DRRM-L-05 109/150,,,,Stock Room,
168,NICER Project: Simulation-based Learning Laboratory,Whistle,,,DRRM2024-001,DRRM-L-05 110/150,,,,Stock Room,
169,NICER Project: Simulation-based Learning Laboratory,Whistle,,,DRRM2024-001,DRRM-L-05 111/150,,,,Stock Room,
170,NICER Project: Simulation-based Learning Laboratory,Whistle,,,DRRM2024-001,DRRM-L-05 112/150,,,,Stock Room,
171,NICER Project: Simulation-based Learning Laboratory,Whistle,,,DRRM2024-001,DRRM-L-05  113/150,,,,Stock Room,
172,NICER Project: Simulation-based Learning Laboratory,Whistle,,,DRRM2024-001,DRRM-L-05 114/150,,,,Stock Room,
173,NICER Project: Simulation-based Learning Laboratory,Whistle,,,DRRM2024-001,DRRM-L-05 115/150,,,,Stock Room,
174,NICER Project: Simulation-based Learning Laboratory,Whistle,,,DRRM2024-001,DRRM-L-05 116/150,,,,Stock Room,
175,NICER Project: Simulation-based Learning Laboratory,Whistle,,,DRRM2024-001,DRRM-L-05 117/150,,,,Stock Room,
176,NICER Project: Simulation-based Learning Laboratory,Whistle,,,DRRM2024-001,DRRM-L-05 118/150,,,,Stock Room,
177,NICER Project: Simulation-based Learning Laboratory,Whistle,,,DRRM2024-001,DRRM-L-05 119/150,,,,Stock Room,
178,NICER Project: Simulation-based Learning Laboratory,Whistle,,,DRRM2024-001,DRRM-L-05 120/150,,,,Stock Room,
179,NICER Project: Simulation-based Learning Laboratory,Whistle,,,DRRM2024-001,DRRM-L-05 121/150,,,,Stock Room,
180,NICER Project: Simulation-based Learning Laboratory,Whistle,,,DRRM2024-001,DRRM-L-05 122/150,,,,Stock Room,
181,NICER Project: Simulation-based Learning Laboratory,Whistle,,,DRRM2024-001,DRRM-L-05 123/150,,,,Stock Room,
182,NICER Project: Simulation-based Learning Laboratory,Whistle,,,DRRM2024-001,DRRM-L-05 124/150,,,,Stock Room,
183,NICER Project: Simulation-based Learning Laboratory,Whistle,,,DRRM2024-001,DRRM-L-05 125/150,,,,Stock Room,
184,NICER Project: Simulation-based Learning Laboratory,Whistle,,,DRRM2024-001,DRRM-L-05 126/150,,,,Stock Room,
185,NICER Project: Simulation-based Learning Laboratory,Whistle,,,DRRM2024-001,DRRM-L-05 127/150,,,,Stock Room,
186,NICER Project: Simulation-based Learning Laboratory,Whistle,,,DRRM2024-001,DRRM-L-05 128/150,,,,Stock Room,
187,NICER Project: Simulation-based Learning Laboratory,Whistle,,,DRRM2024-001,DRRM-L-05 129/150,,,,Stock Room,
188,NICER Project: Simulation-based Learning Laboratory,Whistle,,,DRRM2024-001,DRRM-L-05 130/150,,,,Stock Room,
189,NICER Project: Simulation-based Learning Laboratory,Whistle,,,DRRM2024-001,DRRM-L-05 131/150,,,,Stock Room,
190,NICER Project: Simulation-based Learning Laboratory,Whistle,,,DRRM2024-001,DRRM-L-05 132/150,,,,Stock Room,
191,NICER Project: Simulation-based Learning Laboratory,Whistle,,,DRRM2024-001,DRRM-L-05 133/150,,,,Stock Room,
192,NICER Project: Simulation-based Learning Laboratory,Whistle,,,DRRM2024-001,DRRM-L-05 134/150,,,,Stock Room,
193,NICER Project: Simulation-based Learning Laboratory,Whistle,,,DRRM2024-001,DRRM-L-05 135/150,,,,Stock Room,
194,NICER Project: Simulation-based Learning Laboratory,Whistle,,,DRRM2024-001,DRRM-L-05 136/150,,,,Stock Room,
195,NICER Project: Simulation-based Learning Laboratory,Whistle,,,DRRM2024-001,DRRM-L-05  137/150,,,,Stock Room,
196,NICER Project: Simulation-based Learning Laboratory,Whistle,,,DRRM2024-001,DRRM-L-05 138/150,,,,Stock Room,
197,NICER Project: Simulation-based Learning Laboratory,Whistle,,,DRRM2024-001,DRRM-L-05 139/150,,,,Stock Room,
198,NICER Project: Simulation-based Learning Laboratory,Whistle,,,DRRM2024-001,DRRM-L-05 140/150,,,,Stock Room,
199,NICER Project: Simulation-based Learning Laboratory,Whistle,,,DRRM2024-001,DRRM-L-05 141/150,,,,Stock Room,
200,NICER Project: Simulation-based Learning Laboratory,Whistle,,,DRRM2024-001,DRRM-L-05 142/150,,,,Stock Room,
201,NICER Project: Simulation-based Learning Laboratory,Whistle,,,DRRM2024-001,DRRM-L-05 143/150,,,,Stock Room,
202,NICER Project: Simulation-based Learning Laboratory,Whistle,,,DRRM2024-001,DRRM-L-05 144/150,,,,Stock Room,
203,NICER Project: Simulation-based Learning Laboratory,Whistle,,,DRRM2024-001,DRRM-L-05 145/150,,,,Stock Room,
204,NICER Project: Simulation-based Learning Laboratory,Whistle,,,DRRM2024-001,DRRM-L-05 146/150,,,,Stock Room,
205,NICER Project: Simulation-based Learning Laboratory,Whistle,,,DRRM2024-001,DRRM-L-05 147/150,,,,Stock Room,
206,NICER Project: Simulation-based Learning Laboratory,Whistle,,,DRRM2024-001,DRRM-L-05 148/150,,,,Stock Room,
207,NICER Project: Simulation-based Learning Laboratory,Whistle,,,DRRM2024-001,DRRM-L-05  149/150,,,,Stock Room,
208,NICER Project: Simulation-based Learning Laboratory,Whistle,,,DRRM2024-001,DRRM-L-05 150/150,,,,Stock Room,
209,NICER Project: Simulation-based Learning Laboratory,Adult CPR Manikin,,,NIH2021-05-68,NIH-108,DOST GIA-23-2341,,,Stock Room,
210,NICER Project: Simulation-based Learning Laboratory,Child CPR Manikin,,,NlH2021-05-6B,NIH-109,,,,Stock Room,
211,NICER Project: Simulation-based Learning Laboratory,Infant CPR Manikin,,,NIH2021-05-68,NIH-110,DOST GIA-23-2339,,,Stock Room,
212,UPM DRRM SEMI-Expendable ,Hard Hat for IMT and responders,,,DRRMH-2023-0349,DRRMH-L-0698 1/90,,,,Stock Room,
213,UPM DRRM SEMI-Expendable ,Hard Hat for IMT and responders,,,DRRMH-2023-0349,DRRMH-L-0698 2/90,,,,Stock Room,
214,UPM DRRM SEMI-Expendable ,Hard Hat for IMT and responders,,,DRRMH-2023-0349,DRRMH-L-0698 3/90,,,,Stock Room,
215,UPM DRRM SEMI-Expendable ,Hard Hat for IMT and responders,,,DRRMH-2023-0349,DRRMH-L-0698 4/90,,,,Stock Room,
216,UPM DRRM SEMI-Expendable ,Hard Hat for IMT and responders,,,DRRMH-2023-0349,DRRMH-L-0698 5/90,,,,Stock Room,
217,UPM DRRM SEMI-Expendable ,Hard Hat for IMT and responders,,,DRRMH-2023-0349,DRRMH-L-0698 6/90,,,,Stock Room,
218,UPM DRRM SEMI-Expendable ,Hard Hat for IMT and responders,,,DRRMH-2023-0349,DRRMH-L-0698 7/90,,,,Stock Room,
219,UPM DRRM SEMI-Expendable ,Hard Hat for IMT and responders,,,DRRMH-2023-0349,DRRMH-L-0698 8/90,,,,Stock Room,
220,UPM DRRM SEMI-Expendable ,Hard Hat for IMT and responders,,,DRRMH-2023-0349,DRRMH-L-0698 9/90,,,,Stock Room,
221,UPM DRRM SEMI-Expendable ,Hard Hat for IMT and responders,,,DRRMH-2023-0349,DRRMH-L-0698 10/90,,,,Stock Room,
222,UPM DRRM SEMI-Expendable ,Hard Hat for IMT and responders,,,DRRMH-2023-0349,DRRMH-L-0698 11/90,,,,Stock Room,
223,UPM DRRM SEMI-Expendable ,Hard Hat for IMT and responders,,,DRRMH-2023-0349,DRRMH-L-0698 12/90,,,,Stock Room,
224,UPM DRRM SEMI-Expendable ,Hard Hat for IMT and responders,,,DRRMH-2023-0349,DRRMH-L-0698 13/90,,,,Stock Room,
225,UPM DRRM SEMI-Expendable ,Hard Hat for IMT and responders,,,DRRMH-2023-0349,DRRMH-L-0698 14/90,,,,Stock Room,
226,UPM DRRM SEMI-Expendable ,Hard Hat for IMT and responders,,,DRRMH-2023-0349,DRRMH-L-0698 15/90,,,,Stock Room,
227,UPM DRRM SEMI-Expendable ,Hard Hat for IMT and responders,,,DRRMH-2023-0349,DRRMH-L-0698 16/90,,,,Stock Room,
228,UPM DRRM SEMI-Expendable ,Hard Hat for IMT and responders,,,DRRMH-2023-0349,DRRMH-L-0698 17/90,,,,Stock Room,
229,UPM DRRM SEMI-Expendable ,Hard Hat for IMT and responders,,,DRRMH-2023-0349,DRRMH-L-0698 18/90,,,,Stock Room,
230,UPM DRRM SEMI-Expendable ,Hard Hat for IMT and responders,,,DRRMH-2023-0349,DRRMH-L-0698 19/90,,,,Stock Room,
231,UPM DRRM SEMI-Expendable ,Hard Hat for IMT and responders,,,DRRMH-2023-0349,DRRMH-L-0698 20/90,,,,Stock Room,
232,UPM DRRM SEMI-Expendable ,Hard Hat for IMT and responders,,,DRRMH-2023-0349,DRRMH-L-0698 21/90,,,,Stock Room,
233,UPM DRRM SEMI-Expendable ,Hard Hat for IMT and responders,,,DRRMH-2023-0349,DRRMH-L-0698 22/90,,,,Stock Room,
234,UPM DRRM SEMI-Expendable ,Hard Hat for IMT and responders,,,DRRMH-2023-0349,DRRMH-L-0698 23/90,,,,Stock Room,
235,UPM DRRM SEMI-Expendable ,Hard Hat for IMT and responders,,,DRRMH-2023-0349,DRRMH-L-0698 24/90,,,,Stock Room,
236,UPM DRRM SEMI-Expendable ,Hard Hat for IMT and responders,,,DRRMH-2023-0349,DRRMH-L-0698 25/90,,,,Stock Room,
237,UPM DRRM SEMI-Expendable ,Hard Hat for IMT and responders,,,DRRMH-2023-0349,DRRMH-L-0698 26/90,,,,Stock Room,
238,UPM DRRM SEMI-Expendable ,Hard Hat for IMT and responders,,,DRRMH-2023-0349,DRRMH-L-0698 27/90,,,,Stock Room,
239,UPM DRRM SEMI-Expendable ,Hard Hat for IMT and responders,,,DRRMH-2023-0349,DRRMH-L-0698 28/90,,,,Stock Room,
240,UPM DRRM SEMI-Expendable ,Hard Hat for IMT and responders,,,DRRMH-2023-0349,DRRMH-L-0698 29/90,,,,Stock Room,
241,UPM DRRM SEMI-Expendable ,Hard Hat for IMT and responders,,,DRRMH-2023-0349,DRRMH-L-0698 30/90,,,,Stock Room,
242,UPM DRRM SEMI-Expendable ,Hard Hat for IMT and responders,,,DRRMH-2023-0349,DRRMH-L-0698 31/90,,,,Stock Room,
243,UPM DRRM SEMI-Expendable ,Hard Hat for IMT and responders,,,DRRMH-2023-0349,DRRMH-L-0698 32/90,,,,Stock Room,
244,UPM DRRM SEMI-Expendable ,Hard Hat for IMT and responders,,,DRRMH-2023-0349,DRRMH-L-0698 33/90,,,,Stock Room,
245,UPM DRRM SEMI-Expendable ,Hard Hat for IMT and responders,,,DRRMH-2023-0349,DRRMH-L-0698 34/90,,,,Stock Room,
246,UPM DRRM SEMI-Expendable ,Hard Hat for IMT and responders,,,DRRMH-2023-0349,DRRMH-L-0698 35/90,,,,Stock Room,
247,UPM DRRM SEMI-Expendable ,Hard Hat for IMT and responders,,,DRRMH-2023-0349,DRRMH-L-0698 36/90,,,,Stock Room,
248,UPM DRRM SEMI-Expendable ,Hard Hat for IMT and responders,,,DRRMH-2023-0349,DRRMH-L-0698 37/90,,,,Stock Room,
249,UPM DRRM SEMI-Expendable ,Hard Hat for IMT and responders,,,DRRMH-2023-0349,DRRMH-L-0698 38/90,,,,Stock Room,
250,UPM DRRM SEMI-Expendable ,Hard Hat for IMT and responders,,,DRRMH-2023-0349,DRRMH-L-0698 39/90,,,,Stock Room,
251,UPM DRRM SEMI-Expendable ,Hard Hat for IMT and responders,,,DRRMH-2023-0349,DRRMH-L-0698 40/90,,,,Stock Room,
252,UPM DRRM SEMI-Expendable ,Hard Hat for IMT and responders,,,DRRMH-2023-0349,DRRMH-L-0698 41/90,,,,Stock Room,
253,UPM DRRM SEMI-Expendable ,Hard Hat for IMT and responders,,,DRRMH-2023-0349,DRRMH-L-0698 42/90,,,,Stock Room,
254,UPM DRRM SEMI-Expendable ,Hard Hat for IMT and responders,,,DRRMH-2023-0349,DRRMH-L-0698 43/90,,,,Stock Room,
255,UPM DRRM SEMI-Expendable ,Hard Hat for IMT and responders,,,DRRMH-2023-0349,DRRMH-L-0698 44/90,,,,Stock Room,
256,UPM DRRM SEMI-Expendable ,Hard Hat for IMT and responders,,,DRRMH-2023-0349,DRRMH-L-0698 45/90,,,,Stock Room,
257,UPM DRRM SEMI-Expendable ,Hard Hat for IMT and responders,,,DRRMH-2023-0349,DRRMH-L-0698 46/90,,,,Stock Room,
258,UPM DRRM SEMI-Expendable ,Hard Hat for IMT and responders,,,DRRMH-2023-0349,DRRMH-L-0698 47/90,,,,Stock Room,
259,UPM DRRM SEMI-Expendable ,Hard Hat for IMT and responders,,,DRRMH-2023-0349,DRRMH-L-0698 48/90,,,,Stock Room,
260,UPM DRRM SEMI-Expendable ,Hard Hat for IMT and responders,,,DRRMH-2023-0349,DRRMH-L-0698 49/90,,,,Stock Room,
261,UPM DRRM SEMI-Expendable ,Hard Hat for IMT and responders,,,DRRMH-2023-0349,DRRMH-L-0698 50/90,,,,Stock Room,
262,UPM DRRM SEMI-Expendable ,Hard Hat for IMT and responders,,,DRRMH-2023-0349,DRRMH-L-0698 51/90,,,,Stock Room,
263,UPM DRRM SEMI-Expendable ,Hard Hat for IMT and responders,,,DRRMH-2023-0349,DRRMH-L-0698 52/90,,,,Stock Room,
264,UPM DRRM SEMI-Expendable ,Hard Hat for IMT and responders,,,DRRMH-2023-0349,DRRMH-L-0698 53/90,,,,Stock Room,
265,UPM DRRM SEMI-Expendable ,Hard Hat for IMT and responders,,,DRRMH-2023-0349,DRRMH-L-0698 54/90,,,,Stock Room,
266,UPM DRRM SEMI-Expendable ,Hard Hat for IMT and responders,,,DRRMH-2023-0349,DRRMH-L-0698 55/90,,,,Stock Room,
267,UPM DRRM SEMI-Expendable ,Hard Hat for IMT and responders,,,DRRMH-2023-0349,DRRMH-L-0698 56/90,,,,Stock Room,
268,UPM DRRM SEMI-Expendable ,Hard Hat for IMT and responders,,,DRRMH-2023-0349,DRRMH-L-0698 57/90,,,,Stock Room,
269,UPM DRRM SEMI-Expendable ,Hard Hat for IMT and responders,,,DRRMH-2023-0349,DRRMH-L-0698 58/90,,,,Stock Room,
270,UPM DRRM SEMI-Expendable ,Hard Hat for IMT and responders,,,DRRMH-2023-0349,DRRMH-L-0698 59/90,,,,Stock Room,
271,UPM DRRM SEMI-Expendable ,Hard Hat for IMT and responders,,,DRRMH-2023-0349,DRRMH-L-0698 60/90,,,,Stock Room,
272,UPM DRRM SEMI-Expendable ,Hard Hat for IMT and responders,,,DRRMH-2023-0349,DRRMH-L-0698 61/90,,,,Stock Room,
273,UPM DRRM SEMI-Expendable ,Hard Hat for IMT and responders,,,DRRMH-2023-0349,DRRMH-L-0698 62/90,,,,Stock Room,
274,UPM DRRM SEMI-Expendable ,Hard Hat for IMT and responders,,,DRRMH-2023-0349,DRRMH-L-0698 63/90,,,,Stock Room,
275,UPM DRRM SEMI-Expendable ,Hard Hat for IMT and responders,,,DRRMH-2023-0349,DRRMH-L-0698 64/90,,,,Stock Room,
276,UPM DRRM SEMI-Expendable ,Hard Hat for IMT and responders,,,DRRMH-2023-0349,DRRMH-L-0698 65/90,,,,Stock Room,
277,UPM DRRM SEMI-Expendable ,Hard Hat for IMT and responders,,,DRRMH-2023-0349,DRRMH-L-0698 66/90,,,,Stock Room,
278,UPM DRRM SEMI-Expendable ,Hard Hat for IMT and responders,,,DRRMH-2023-0349,DRRMH-L-0698 67/90,,,,Stock Room,
279,UPM DRRM SEMI-Expendable ,Hard Hat for IMT and responders,,,DRRMH-2023-0349,DRRMH-L-0698 68/90,,,,Stock Room,
280,UPM DRRM SEMI-Expendable ,Hard Hat for IMT and responders,,,DRRMH-2023-0349,DRRMH-L-0698 69/90,,,,Stock Room,
281,UPM DRRM SEMI-Expendable ,Hard Hat for IMT and responders,,,DRRMH-2023-0349,DRRMH-L-0698 70/90,,,,Stock Room,
282,UPM DRRM SEMI-Expendable ,Hard Hat for IMT and responders,,,DRRMH-2023-0349,DRRMH-L-0698 71/90,,,,Stock Room,
283,UPM DRRM SEMI-Expendable ,Hard Hat for IMT and responders,,,DRRMH-2023-0349,DRRMH-L-0698 72/90,,,,Stock Room,
284,UPM DRRM SEMI-Expendable ,Hard Hat for IMT and responders,,,DRRMH-2023-0349,DRRMH-L-0698 73/90,,,,Stock Room,
285,UPM DRRM SEMI-Expendable ,Hard Hat for IMT and responders,,,DRRMH-2023-0349,DRRMH-L-0698 74/90,,,,Stock Room,
286,UPM DRRM SEMI-Expendable ,Hard Hat for IMT and responders,,,DRRMH-2023-0349,DRRMH-L-0698 75/90,,,,Stock Room,
287,UPM DRRM SEMI-Expendable ,Hard Hat for IMT and responders,,,DRRMH-2023-0349,DRRMH-L-0698 76/90,,,,Stock Room,
288,UPM DRRM SEMI-Expendable ,Hard Hat for IMT and responders,,,DRRMH-2023-0349,DRRMH-L-0698 77/90,,,,Stock Room,
289,UPM DRRM SEMI-Expendable ,Hard Hat for IMT and responders,,,DRRMH-2023-0349,DRRMH-L-0698 78/90,,,,Stock Room,
290,UPM DRRM SEMI-Expendable ,Hard Hat for IMT and responders,,,DRRMH-2023-0349,DRRMH-L-0698 79/90,,,,Stock Room,
291,UPM DRRM SEMI-Expendable ,Hard Hat for IMT and responders,,,DRRMH-2023-0349,DRRMH-L-0698 80/90,,,,Stock Room,
292,UPM DRRM SEMI-Expendable ,Hard Hat for IMT and responders,,,DRRMH-2023-0349,DRRMH-L-0698 81/90,,,,Stock Room,
293,UPM DRRM SEMI-Expendable ,Hard Hat for IMT and responders,,,DRRMH-2023-0349,DRRMH-L-0698 82/90,,,,Stock Room,
294,UPM DRRM SEMI-Expendable ,Hard Hat for IMT and responders,,,DRRMH-2023-0349,DRRMH-L-0698 83/90,,,,Stock Room,
295,UPM DRRM SEMI-Expendable ,Hard Hat for IMT and responders,,,DRRMH-2023-0349,DRRMH-L-0698 84/90,,,,Stock Room,
296,UPM DRRM SEMI-Expendable ,Hard Hat for IMT and responders,,,DRRMH-2023-0349,DRRMH-L-0698 85/90,,,,Stock Room,
297,UPM DRRM SEMI-Expendable ,Hard Hat for IMT and responders,,,DRRMH-2023-0349,DRRMH-L-0698 86/90,,,,Stock Room,
298,UPM DRRM SEMI-Expendable ,Hard Hat for IMT and responders,,,DRRMH-2023-0349,DRRMH-L-0698 87/90,,,,Stock Room,
299,UPM DRRM SEMI-Expendable ,Hard Hat for IMT and responders,,,DRRMH-2023-0349,DRRMH-L-0698 88/90,,,,Stock Room,
300,UPM DRRM SEMI-Expendable ,Hard Hat for IMT and responders,,,DRRMH-2023-0349,DRRMH-L-0698 89/90,,,,Stock Room,
301,UPM DRRM SEMI-Expendable ,Hard Hat for IMT and responders,,,DRRMH-2023-0349,DRRMH-L-0698 90/90,,,,Stock Room,
302,UPM DRRM SEMI-Expendable ,Megaphone with rechargeable battery max power output  60W,,,DRRMH-2022-00092,DRRMH-H-0498 1/15,,,,Stock Room,
303,UPM DRRM SEMI-Expendable ,Megaphone with rechargeable battery max power output  60W,,,DRRMH-2022-00092,DRRMH-H-0498 2/15,,,,Stock Room,
304,UPM DRRM SEMI-Expendable ,Megaphone with rechargeable battery max power output  60W,,,DRRMH-2022-00092,DRRMH-H-0498 3/15,,,,Stock Room,
305,UPM DRRM SEMI-Expendable ,Megaphone with rechargeable battery max power output  60W,,,DRRMH-2022-00092,DRRMH-H-0498 4/15,,,,Stock Room,
306,UPM DRRM SEMI-Expendable ,Megaphone with rechargeable battery max power output  60W,,,DRRMH-2022-00092,DRRMH-H-0498 5/15,,,,Stock Room,
307,UPM DRRM SEMI-Expendable ,Megaphone with rechargeable battery max power output  60W,,,DRRMH-2022-00092,DRRMH-H-0498 6/15,,,,Stock Room,
308,UPM DRRM SEMI-Expendable ,Megaphone with rechargeable battery max power output  60W,,,DRRMH-2022-00092,DRRMH-H-0498 7/15,,,,Stock Room,
309,UPM DRRM SEMI-Expendable ,Megaphone with rechargeable battery max power output  60W,,,DRRMH-2022-00092,DRRMH-H-0498 8/15,,,,Stock Room,
310,UPM DRRM SEMI-Expendable ,Megaphone with rechargeable battery max power output  60W,,,DRRMH-2022-00092,DRRMH-H-0498 9/15,,,,Stock Room,
311,UPM DRRM SEMI-Expendable ,Vest for IMT Responders,,,DRRMH-2023-0350,DRRMH-L0699 1/90,,,,Stock Room,
312,UPM DRRM SEMI-Expendable ,Vest for IMT Responders,,,DRRMH-2023-0350,DRRMH-L0699 2/90,,,,Stock Room,
313,UPM DRRM SEMI-Expendable ,Vest for IMT Responders,,,DRRMH-2023-0350,DRRMH-L0699 3/90,,,,Stock Room,
314,UPM DRRM SEMI-Expendable ,Vest for IMT Responders,,,DRRMH-2023-0350,DRRMH-L0699 4/90,,,,Stock Room,
315,UPM DRRM SEMI-Expendable ,Vest for IMT Responders,,,DRRMH-2023-0350,DRRMH-L0699 5/90,,,,Stock Room,
316,UPM DRRM SEMI-Expendable ,Vest for IMT Responders,,,DRRMH-2023-0350,DRRMH-L0699 6/90,,,,Stock Room,
317,UPM DRRM SEMI-Expendable ,Vest for IMT Responders,,,DRRMH-2023-0350,DRRMH-L0699 7/90,,,,Stock Room,
318,UPM DRRM SEMI-Expendable ,Vest for IMT Responders,,,DRRMH-2023-0350,DRRMH-L0699 8/90,,,,Stock Room,
319,UPM DRRM SEMI-Expendable ,Vest for IMT Responders,,,DRRMH-2023-0350,DRRMH-L0699 9/90,,,,Stock Room,
320,UPM DRRM SEMI-Expendable ,Vest for IMT Responders,,,DRRMH-2023-0350,DRRMH-L0699 10/90,,,,Stock Room,
321,UPM DRRM SEMI-Expendable ,Vest for IMT Responders,,,DRRMH-2023-0350,DRRMH-L0699 11/90,,,,Stock Room,
322,UPM DRRM SEMI-Expendable ,Vest for IMT Responders,,,DRRMH-2023-0350,DRRMH-L0699 12/90,,,,Stock Room,
323,UPM DRRM SEMI-Expendable ,Vest for IMT Responders,,,DRRMH-2023-0350,DRRMH-L0699 13/90,,,,Stock Room,
324,UPM DRRM SEMI-Expendable ,Vest for IMT Responders,,,DRRMH-2023-0350,DRRMH-L0699 14/90,,,,Stock Room,
325,UPM DRRM SEMI-Expendable ,Vest for IMT Responders,,,DRRMH-2023-0350,DRRMH-L0699 15/90,,,,Stock Room,
326,UPM DRRM SEMI-Expendable ,Vest for IMT Responders,,,DRRMH-2023-0350,DRRMH-L0699 16/90,,,,Stock Room,
327,UPM DRRM SEMI-Expendable ,Vest for IMT Responders,,,DRRMH-2023-0350,DRRMH-L0699 17/90,,,,Stock Room,
328,UPM DRRM SEMI-Expendable ,Vest for IMT Responders,,,DRRMH-2023-0350,DRRMH-L0699 18/90,,,,Stock Room,
329,UPM DRRM SEMI-Expendable ,Vest for IMT Responders,,,DRRMH-2023-0350,DRRMH-L0699 19/90,,,,Stock Room,
330,UPM DRRM SEMI-Expendable ,Vest for IMT Responders,,,DRRMH-2023-0350,DRRMH-L0699 20/90,,,,Stock Room,
331,UPM DRRM SEMI-Expendable ,Vest for IMT Responders,,,DRRMH-2023-0350,DRRMH-L0699 21/90,,,,Stock Room,
332,UPM DRRM SEMI-Expendable ,Vest for IMT Responders,,,DRRMH-2023-0350,DRRMH-L0699 22/90,,,,Stock Room,
333,UPM DRRM SEMI-Expendable ,Vest for IMT Responders,,,DRRMH-2023-0350,DRRMH-L0699 23/90,,,,Stock Room,
334,UPM DRRM SEMI-Expendable ,Vest for IMT Responders,,,DRRMH-2023-0350,DRRMH-L0699 24/90,,,,Stock Room,
335,UPM DRRM SEMI-Expendable ,Vest for IMT Responders,,,DRRMH-2023-0350,DRRMH-L0699 25/90,,,,Stock Room,
336,UPM DRRM SEMI-Expendable ,Vest for IMT Responders,,,DRRMH-2023-0350,DRRMH-L0699 26/90,,,,Stock Room,
337,UPM DRRM SEMI-Expendable ,Vest for IMT Responders,,,DRRMH-2023-0350,DRRMH-L0699 27/90,,,,Stock Room,
338,UPM DRRM SEMI-Expendable ,Vest for IMT Responders,,,DRRMH-2023-0350,DRRMH-L0699 28/90,,,,Stock Room,
339,UPM DRRM SEMI-Expendable ,Vest for IMT Responders,,,DRRMH-2023-0350,DRRMH-L0699 29/90,,,,Stock Room,
340,UPM DRRM SEMI-Expendable ,Vest for IMT Responders,,,DRRMH-2023-0350,DRRMH-L0699 30/90,,,,Stock Room,
341,UPM DRRM SEMI-Expendable ,Vest for IMT Responders,,,DRRMH-2023-0350,DRRMH-L0699 31/90,,,,Stock Room,
342,UPM DRRM SEMI-Expendable ,Vest for IMT Responders,,,DRRMH-2023-0350,DRRMH-L0699 32/90,,,,Stock Room,
343,UPM DRRM SEMI-Expendable ,Vest for IMT Responders,,,DRRMH-2023-0350,DRRMH-L0699 33/90,,,,Stock Room,
344,UPM DRRM SEMI-Expendable ,Vest for IMT Responders,,,DRRMH-2023-0350,DRRMH-L0699 34/90,,,,Stock Room,
345,UPM DRRM SEMI-Expendable ,Vest for IMT Responders,,,DRRMH-2023-0350,DRRMH-L0699 35/90,,,,Stock Room,
346,UPM DRRM SEMI-Expendable ,Vest for IMT Responders,,,DRRMH-2023-0350,DRRMH-L0699 36/90,,,,Stock Room,
347,UPM DRRM SEMI-Expendable ,Vest for IMT Responders,,,DRRMH-2023-0350,DRRMH-L0699 37/90,,,,Stock Room,
348,UPM DRRM SEMI-Expendable ,Vest for IMT Responders,,,DRRMH-2023-0350,DRRMH-L0699 38/90,,,,Stock Room,
349,UPM DRRM SEMI-Expendable ,Vest for IMT Responders,,,DRRMH-2023-0350,DRRMH-L0699 39/90,,,,Stock Room,
350,UPM DRRM SEMI-Expendable ,Vest for IMT Responders,,,DRRMH-2023-0350,DRRMH-L0699 40/90,,,,Stock Room,
351,UPM DRRM SEMI-Expendable ,Vest for IMT Responders,,,DRRMH-2023-0350,DRRMH-L0699 41/90,,,,Stock Room,
352,UPM DRRM SEMI-Expendable ,Vest for IMT Responders,,,DRRMH-2023-0350,DRRMH-L0699 42/90,,,,Stock Room,
353,UPM DRRM SEMI-Expendable ,Vest for IMT Responders,,,DRRMH-2023-0350,DRRMH-L0699 43/90,,,,Stock Room,
354,UPM DRRM SEMI-Expendable ,Vest for IMT Responders,,,DRRMH-2023-0350,DRRMH-L0699 44/90,,,,Stock Room,
355,UPM DRRM SEMI-Expendable ,Vest for IMT Responders,,,DRRMH-2023-0350,DRRMH-L0699 45/90,,,,Stock Room,
356,UPM DRRM SEMI-Expendable ,Vest for IMT Responders,,,DRRMH-2023-0350,DRRMH-L0699 46/90,,,,Stock Room,
357,UPM DRRM SEMI-Expendable ,Vest for IMT Responders,,,DRRMH-2023-0350,DRRMH-L0699 47/90,,,,Stock Room,
358,UPM DRRM SEMI-Expendable ,Vest for IMT Responders,,,DRRMH-2023-0350,DRRMH-L0699 48/90,,,,Stock Room,
359,UPM DRRM SEMI-Expendable ,Vest for IMT Responders,,,DRRMH-2023-0350,DRRMH-L0699 49/90,,,,Stock Room,
360,UPM DRRM SEMI-Expendable ,Vest for IMT Responders,,,DRRMH-2023-0350,DRRMH-L0699 50/90,,,,Stock Room,
361,UPM DRRM SEMI-Expendable ,Vest for IMT Responders,,,DRRMH-2023-0350,DRRMH-L0699 51/90,,,,Stock Room,
362,UPM DRRM SEMI-Expendable ,Vest for IMT Responders,,,DRRMH-2023-0350,DRRMH-L0699 52/90,,,,Stock Room,
363,UPM DRRM SEMI-Expendable ,Vest for IMT Responders,,,DRRMH-2023-0350,DRRMH-L0699 53/90,,,,Stock Room,
364,UPM DRRM SEMI-Expendable ,Vest for IMT Responders,,,DRRMH-2023-0350,DRRMH-L0699 54/90,,,,Stock Room,
365,UPM DRRM SEMI-Expendable ,Vest for IMT Responders,,,DRRMH-2023-0350,DRRMH-L0699 55/90,,,,Stock Room,
366,UPM DRRM SEMI-Expendable ,Vest for IMT Responders,,,DRRMH-2023-0350,DRRMH-L0699 56/90,,,,Stock Room,
367,UPM DRRM SEMI-Expendable ,Vest for IMT Responders,,,DRRMH-2023-0350,DRRMH-L0699 57/90,,,,Stock Room,
368,UPM DRRM SEMI-Expendable ,Vest for IMT Responders,,,DRRMH-2023-0350,DRRMH-L0699 58/90,,,,Stock Room,
369,UPM DRRM SEMI-Expendable ,Vest for IMT Responders,,,DRRMH-2023-0350,DRRMH-L0699 59/90,,,,Stock Room,
370,UPM DRRM SEMI-Expendable ,Vest for IMT Responders,,,DRRMH-2023-0350,DRRMH-L0699 60/90,,,,Stock Room,
371,UPM DRRM SEMI-Expendable ,Vest for IMT Responders,,,DRRMH-2023-0350,DRRMH-L0699 61/90,,,,Stock Room,
372,UPM DRRM SEMI-Expendable ,Vest for IMT Responders,,,DRRMH-2023-0350,DRRMH-L0699 62/90,,,,Stock Room,
373,UPM DRRM SEMI-Expendable ,Vest for IMT Responders,,,DRRMH-2023-0350,DRRMH-L0699 63/90,,,,Stock Room,
374,UPM DRRM SEMI-Expendable ,Vest for IMT Responders,,,DRRMH-2023-0350,DRRMH-L0699 64/90,,,,Stock Room,
375,UPM DRRM SEMI-Expendable ,Vest for IMT Responders,,,DRRMH-2023-0350,DRRMH-L0699 65/90,,,,Stock Room,
376,UPM DRRM SEMI-Expendable ,Vest for IMT Responders,,,DRRMH-2023-0350,DRRMH-L0699 66/90,,,,Stock Room,
377,UPM DRRM SEMI-Expendable ,Vest for IMT Responders,,,DRRMH-2023-0350,DRRMH-L0699 67/90,,,,Stock Room,
378,UPM DRRM SEMI-Expendable ,Vest for IMT Responders,,,DRRMH-2023-0350,DRRMH-L0699 68/90,,,,Stock Room,
379,UPM DRRM SEMI-Expendable ,Vest for IMT Responders,,,DRRMH-2023-0350,DRRMH-L0699 69/90,,,,Stock Room,
380,UPM DRRM SEMI-Expendable ,Vest for IMT Responders,,,DRRMH-2023-0350,DRRMH-L0699 70/90,,,,Stock Room,
381,UPM DRRM SEMI-Expendable ,Vest for IMT Responders,,,DRRMH-2023-0350,DRRMH-L0699 71/90,,,,Stock Room,
382,UPM DRRM SEMI-Expendable ,Vest for IMT Responders,,,DRRMH-2023-0350,DRRMH-L0699 72/90,,,,Stock Room,
383,UPM DRRM SEMI-Expendable ,Vest for IMT Responders,,,DRRMH-2023-0350,DRRMH-L0699 73/90,,,,Stock Room,
384,UPM DRRM SEMI-Expendable ,Vest for IMT Responders,,,DRRMH-2023-0350,DRRMH-L0699 74/90,,,,Stock Room,
385,UPM DRRM SEMI-Expendable ,Vest for IMT Responders,,,DRRMH-2023-0350,DRRMH-L0699 75/90,,,,Stock Room,
386,UPM DRRM SEMI-Expendable ,Vest for IMT Responders,,,DRRMH-2023-0350,DRRMH-L0699 76/90,,,,Stock Room,
387,UPM DRRM SEMI-Expendable ,Vest for IMT Responders,,,DRRMH-2023-0350,DRRMH-L0699 77/90,,,,Stock Room,
388,UPM DRRM SEMI-Expendable ,Vest for IMT Responders,,,DRRMH-2023-0350,DRRMH-L0699 78/90,,,,Stock Room,
389,UPM DRRM SEMI-Expendable ,Vest for IMT Responders,,,DRRMH-2023-0350,DRRMH-L0699 79/90,,,,Stock Room,
390,UPM DRRM SEMI-Expendable ,Vest for IMT Responders,,,DRRMH-2023-0350,DRRMH-L0699 80/90,,,,Stock Room,
391,UPM DRRM SEMI-Expendable ,Vest for IMT Responders,,,DRRMH-2023-0350,DRRMH-L0699 81/90,,,,Stock Room,
392,UPM DRRM SEMI-Expendable ,Vest for IMT Responders,,,DRRMH-2023-0350,DRRMH-L0699 82/90,,,,Stock Room,
393,UPM DRRM SEMI-Expendable ,Vest for IMT Responders,,,DRRMH-2023-0350,DRRMH-L0699 83/90,,,,Stock Room,
394,UPM DRRM SEMI-Expendable ,Vest for IMT Responders,,,DRRMH-2023-0350,DRRMH-L0699 84/90,,,,Stock Room,
395,UPM DRRM SEMI-Expendable ,Vest for IMT Responders,,,DRRMH-2023-0350,DRRMH-L0699 85/90,,,,Stock Room,
396,UPM DRRM SEMI-Expendable ,Vest for IMT Responders,,,DRRMH-2023-0350,DRRMH-L0699 86/90,,,,Stock Room,
397,UPM DRRM SEMI-Expendable ,Vest for IMT Responders,,,DRRMH-2023-0350,DRRMH-L0699 87/90,,,,Stock Room,
398,UPM DRRM SEMI-Expendable ,Vest for IMT Responders,,,DRRMH-2023-0350,DRRMH-L0699 88/90,,,,Stock Room,
399,UPM DRRM SEMI-Expendable ,Vest for IMT Responders,,,DRRMH-2023-0350,DRRMH-L0699 89/90,,,,Stock Room,
400,UPM DRRM SEMI-Expendable ,Vest for IMT Responders,,,DRRMH-2023-0350,DRRMH-L0699 90/90,,,,Stock Room,
401,UPM DRRM SEMI-Expendable ,Assorted vest customized,,,DRRMH-2022-00092,DRRMH-H-0490 1/150,,,,Stock Room,
402,UPM DRRM SEMI-Expendable ,Assorted vest customized,,,DRRMH-2022-00092,DRRMH-H-0490 2/150,,,,Stock Room,
403,UPM DRRM SEMI-Expendable ,Assorted vest customized,,,DRRMH-2022-00092,DRRMH-H-0490 3/150,,,,Stock Room,
404,UPM DRRM SEMI-Expendable ,Assorted vest customized,,,DRRMH-2022-00092,DRRMH-H-0490 4/150,,,,Stock Room,
405,UPM DRRM SEMI-Expendable ,Assorted vest customized,,,DRRMH-2022-00092,DRRMH-H-0490 5/150,,,,Stock Room,
406,UPM DRRM SEMI-Expendable ,Assorted vest customized,,,DRRMH-2022-00092,DRRMH-H-0490 6/150,,,,Stock Room,
407,UPM DRRM SEMI-Expendable ,Assorted vest customized,,,DRRMH-2022-00092,DRRMH-H-0490 7/150,,,,Stock Room,
408,UPM DRRM SEMI-Expendable ,Assorted vest customized,,,DRRMH-2022-00092,DRRMH-H-0490 8/150,,,,Stock Room,
409,UPM DRRM SEMI-Expendable ,Assorted vest customized,,,DRRMH-2022-00092,DRRMH-H-0490 9/150,,,,Stock Room,
410,UPM DRRM SEMI-Expendable ,Assorted vest customized,,,DRRMH-2022-00092,DRRMH-H-0490 10/150,,,,Stock Room,
411,UPM DRRM SEMI-Expendable ,Assorted vest customized,,,DRRMH-2022-00092,DRRMH-H-0490 11/150,,,,Stock Room,
412,UPM DRRM SEMI-Expendable ,Assorted vest customized,,,DRRMH-2022-00092,DRRMH-H-0490 12/150,,,,Stock Room,
413,UPM DRRM SEMI-Expendable ,Assorted vest customized,,,DRRMH-2022-00092,DRRMH-H-0490 13/150,,,,Stock Room,
414,UPM DRRM SEMI-Expendable ,Assorted vest customized,,,DRRMH-2022-00092,DRRMH-H-0490 14/150,,,,Stock Room,
415,UPM DRRM SEMI-Expendable ,Assorted vest customized,,,DRRMH-2022-00092,DRRMH-H-0490 15/150,,,,Stock Room,
416,UPM DRRM SEMI-Expendable ,Assorted vest customized,,,DRRMH-2022-00092,DRRMH-H-0490 16/150,,,,Stock Room,
417,UPM DRRM SEMI-Expendable ,Assorted vest customized,,,DRRMH-2022-00092,DRRMH-H-0490 17/150,,,,Stock Room,
418,UPM DRRM SEMI-Expendable ,Assorted vest customized,,,DRRMH-2022-00092,DRRMH-H-0490 18/150,,,,Stock Room,
419,UPM DRRM SEMI-Expendable ,Assorted vest customized,,,DRRMH-2022-00092,DRRMH-H-0490 19/150,,,,Stock Room,
420,UPM DRRM SEMI-Expendable ,Assorted vest customized,,,DRRMH-2022-00092,DRRMH-H-0490 20/150,,,,Stock Room,
421,UPM DRRM SEMI-Expendable ,Assorted vest customized,,,DRRMH-2022-00092,DRRMH-H-0490 21/150,,,,Stock Room,
422,UPM DRRM SEMI-Expendable ,Assorted vest customized,,,DRRMH-2022-00092,DRRMH-H-0490 22/150,,,,Stock Room,
423,UPM DRRM SEMI-Expendable ,Assorted vest customized,,,DRRMH-2022-00092,DRRMH-H-0490 23/150,,,,Stock Room,
424,UPM DRRM SEMI-Expendable ,Assorted vest customized,,,DRRMH-2022-00092,DRRMH-H-0490 24/150,,,,Stock Room,
425,UPM DRRM SEMI-Expendable ,Assorted vest customized,,,DRRMH-2022-00092,DRRMH-H-0490 25/150,,,,Stock Room,
426,UPM DRRM SEMI-Expendable ,Assorted vest customized,,,DRRMH-2022-00092,DRRMH-H-0490 26/150,,,,Stock Room,
427,UPM DRRM SEMI-Expendable ,Assorted vest customized,,,DRRMH-2022-00092,DRRMH-H-0490 27/150,,,,Stock Room,
428,UPM DRRM SEMI-Expendable ,Assorted vest customized,,,DRRMH-2022-00092,DRRMH-H-0490 28/150,,,,Stock Room,
429,UPM DRRM SEMI-Expendable ,Assorted vest customized,,,DRRMH-2022-00092,DRRMH-H-0490 29/150,,,,Stock Room,
430,UPM DRRM SEMI-Expendable ,Assorted vest customized,,,DRRMH-2022-00092,DRRMH-H-0490 30/150,,,,Stock Room,
431,UPM DRRM SEMI-Expendable ,Assorted vest customized,,,DRRMH-2022-00092,DRRMH-H-0490 31/150,,,,Stock Room,
432,UPM DRRM SEMI-Expendable ,Assorted vest customized,,,DRRMH-2022-00092,DRRMH-H-0490 32/150,,,,Stock Room,
433,UPM DRRM SEMI-Expendable ,Assorted vest customized,,,DRRMH-2022-00092,DRRMH-H-0490 33/150,,,,Stock Room,
434,UPM DRRM SEMI-Expendable ,Assorted vest customized,,,DRRMH-2022-00092,DRRMH-H-0490 34/150,,,,Stock Room,
435,UPM DRRM SEMI-Expendable ,Assorted vest customized,,,DRRMH-2022-00092,DRRMH-H-0490 35/150,,,,Stock Room,
436,UPM DRRM SEMI-Expendable ,Assorted vest customized,,,DRRMH-2022-00092,DRRMH-H-0490 36/150,,,,Stock Room,
437,UPM DRRM SEMI-Expendable ,Assorted vest customized,,,DRRMH-2022-00092,DRRMH-H-0490 37/150,,,,Stock Room,
438,UPM DRRM SEMI-Expendable ,Assorted vest customized,,,DRRMH-2022-00092,DRRMH-H-0490 38/150,,,,Stock Room,
439,UPM DRRM SEMI-Expendable ,Assorted vest customized,,,DRRMH-2022-00092,DRRMH-H-0490 39/150,,,,Stock Room,
440,UPM DRRM SEMI-Expendable ,Assorted vest customized,,,DRRMH-2022-00092,DRRMH-H-0490 40/150,,,,Stock Room,
441,UPM DRRM SEMI-Expendable ,Assorted vest customized,,,DRRMH-2022-00092,DRRMH-H-0490 41/150,,,,Stock Room,
442,UPM DRRM SEMI-Expendable ,Assorted vest customized,,,DRRMH-2022-00092,DRRMH-H-0490 42/150,,,,Stock Room,
443,UPM DRRM SEMI-Expendable ,Assorted vest customized,,,DRRMH-2022-00092,DRRMH-H-0490 43/150,,,,Stock Room,
444,UPM DRRM SEMI-Expendable ,Assorted vest customized,,,DRRMH-2022-00092,DRRMH-H-0490 44/150,,,,Stock Room,
445,UPM DRRM SEMI-Expendable ,Assorted vest customized,,,DRRMH-2022-00092,DRRMH-H-0490 45/150,,,,Stock Room,
446,UPM DRRM SEMI-Expendable ,Assorted vest customized,,,DRRMH-2022-00092,DRRMH-H-0490 46/150,,,,Stock Room,
447,UPM DRRM SEMI-Expendable ,Assorted vest customized,,,DRRMH-2022-00092,DRRMH-H-0490 47/150,,,,Stock Room,
448,UPM DRRM SEMI-Expendable ,Assorted vest customized,,,DRRMH-2022-00092,DRRMH-H-0490 48/150,,,,Stock Room,
449,UPM DRRM SEMI-Expendable ,Assorted vest customized,,,DRRMH-2022-00092,DRRMH-H-0490 49/150,,,,Stock Room,
450,UPM DRRM SEMI-Expendable ,Assorted vest customized,,,DRRMH-2022-00092,DRRMH-H-0490 50/150,,,,Stock Room,
451,UPM DRRM SEMI-Expendable ,Assorted vest customized,,,DRRMH-2022-00092,DRRMH-H-0490 51/150,,,,Stock Room,
452,UPM DRRM SEMI-Expendable ,Assorted vest customized,,,DRRMH-2022-00092,DRRMH-H-0490 52/150,,,,Stock Room,
453,UPM DRRM SEMI-Expendable ,Assorted vest customized,,,DRRMH-2022-00092,DRRMH-H-0490 53/150,,,,Stock Room,
454,UPM DRRM SEMI-Expendable ,Assorted vest customized,,,DRRMH-2022-00092,DRRMH-H-0490 54/150,,,,Stock Room,
455,UPM DRRM SEMI-Expendable ,Assorted vest customized,,,DRRMH-2022-00092,DRRMH-H-0490 55/150,,,,Stock Room,
456,UPM DRRM SEMI-Expendable ,Assorted vest customized,,,DRRMH-2022-00092,DRRMH-H-0490 56/150,,,,Stock Room,
457,UPM DRRM SEMI-Expendable ,Assorted vest customized,,,DRRMH-2022-00092,DRRMH-H-0490 57/150,,,,Stock Room,
458,UPM DRRM SEMI-Expendable ,Assorted vest customized,,,DRRMH-2022-00092,DRRMH-H-0490 58/150,,,,Stock Room,
459,UPM DRRM SEMI-Expendable ,Assorted vest customized,,,DRRMH-2022-00092,DRRMH-H-0490 59/150,,,,Stock Room,
460,UPM DRRM SEMI-Expendable ,Assorted vest customized,,,DRRMH-2022-00092,DRRMH-H-0490 60/150,,,,Stock Room,
461,UPM DRRM SEMI-Expendable ,Assorted vest customized,,,DRRMH-2022-00092,DRRMH-H-0490 61/150,,,,Stock Room,
462,UPM DRRM SEMI-Expendable ,Assorted vest customized,,,DRRMH-2022-00092,DRRMH-H-0490 62/150,,,,Stock Room,
463,UPM DRRM SEMI-Expendable ,Assorted vest customized,,,DRRMH-2022-00092,DRRMH-H-0490 63/150,,,,Stock Room,
464,UPM DRRM SEMI-Expendable ,Assorted vest customized,,,DRRMH-2022-00092,DRRMH-H-0490 64/150,,,,Stock Room,
465,UPM DRRM SEMI-Expendable ,Assorted vest customized,,,DRRMH-2022-00092,DRRMH-H-0490 65/150,,,,Stock Room,
466,UPM DRRM SEMI-Expendable ,Assorted vest customized,,,DRRMH-2022-00092,DRRMH-H-0490 66/150,,,,Stock Room,
467,UPM DRRM SEMI-Expendable ,Assorted vest customized,,,DRRMH-2022-00092,DRRMH-H-0490 67/150,,,,Stock Room,
468,UPM DRRM SEMI-Expendable ,Assorted vest customized,,,DRRMH-2022-00092,DRRMH-H-0490 68/150,,,,Stock Room,
469,UPM DRRM SEMI-Expendable ,Assorted vest customized,,,DRRMH-2022-00092,DRRMH-H-0490 69/150,,,,Stock Room,
470,UPM DRRM SEMI-Expendable ,Assorted vest customized,,,DRRMH-2022-00092,DRRMH-H-0490 70/150,,,,Stock Room,
471,UPM DRRM SEMI-Expendable ,Assorted vest customized,,,DRRMH-2022-00092,DRRMH-H-0490 71/150,,,,Stock Room,
472,UPM DRRM SEMI-Expendable ,Assorted vest customized,,,DRRMH-2022-00092,DRRMH-H-0490 72/150,,,,Stock Room,
473,UPM DRRM SEMI-Expendable ,Assorted vest customized,,,DRRMH-2022-00092,DRRMH-H-0490 73/150,,,,Stock Room,
474,UPM DRRM SEMI-Expendable ,Assorted vest customized,,,DRRMH-2022-00092,DRRMH-H-0490 74/150,,,,Stock Room,
475,UPM DRRM SEMI-Expendable ,Assorted vest customized,,,DRRMH-2022-00092,DRRMH-H-0490 75/150,,,,Stock Room,
476,UPM DRRM SEMI-Expendable ,Assorted vest customized,,,DRRMH-2022-00092,DRRMH-H-0490 76/150,,,,Stock Room,
477,UPM DRRM SEMI-Expendable ,Assorted vest customized,,,DRRMH-2022-00092,DRRMH-H-0490 77/150,,,,Stock Room,
478,UPM DRRM SEMI-Expendable ,Assorted vest customized,,,DRRMH-2022-00092,DRRMH-H-0490 78/150,,,,Stock Room,
479,UPM DRRM SEMI-Expendable ,Assorted vest customized,,,DRRMH-2022-00092,DRRMH-H-0490 79/150,,,,Stock Room,
480,UPM DRRM SEMI-Expendable ,Assorted vest customized,,,DRRMH-2022-00092,DRRMH-H-0490 80/150,,,,Stock Room,
481,UPM DRRM SEMI-Expendable ,Assorted vest customized,,,DRRMH-2022-00092,DRRMH-H-0490 81/150,,,,Stock Room,
482,UPM DRRM SEMI-Expendable ,Assorted vest customized,,,DRRMH-2022-00092,DRRMH-H-0490 82/150,,,,Stock Room,
483,UPM DRRM SEMI-Expendable ,Assorted vest customized,,,DRRMH-2022-00092,DRRMH-H-0490 83/150,,,,Stock Room,
484,UPM DRRM SEMI-Expendable ,Assorted vest customized,,,DRRMH-2022-00092,DRRMH-H-0490 84/150,,,,Stock Room,
485,UPM DRRM SEMI-Expendable ,Assorted vest customized,,,DRRMH-2022-00092,DRRMH-H-0490 85/150,,,,Stock Room,
486,UPM DRRM SEMI-Expendable ,Assorted vest customized,,,DRRMH-2022-00092,DRRMH-H-0490 86/150,,,,Stock Room,
487,UPM DRRM SEMI-Expendable ,Assorted vest customized,,,DRRMH-2022-00092,DRRMH-H-0490 87/150,,,,Stock Room,
488,UPM DRRM SEMI-Expendable ,Assorted vest customized,,,DRRMH-2022-00092,DRRMH-H-0490 88/150,,,,Stock Room,
489,UPM DRRM SEMI-Expendable ,Assorted vest customized,,,DRRMH-2022-00092,DRRMH-H-0490 89/150,,,,Stock Room,
490,UPM DRRM SEMI-Expendable ,Assorted vest customized,,,DRRMH-2022-00092,DRRMH-H-0490 90/150,,,,Stock Room,
491,UPM DRRM SEMI-Expendable ,Assorted vest customized,,,DRRMH-2022-00092,DRRMH-H-0490 91/150,,,,Stock Room,
492,UPM DRRM SEMI-Expendable ,Assorted vest customized,,,DRRMH-2022-00092,DRRMH-H-0490 92/150,,,,Stock Room,
493,UPM DRRM SEMI-Expendable ,Assorted vest customized,,,DRRMH-2022-00092,DRRMH-H-0490 93/150,,,,Stock Room,
494,UPM DRRM SEMI-Expendable ,Assorted vest customized,,,DRRMH-2022-00092,DRRMH-H-0490 94/150,,,,Stock Room,
495,UPM DRRM SEMI-Expendable ,Assorted vest customized,,,DRRMH-2022-00092,DRRMH-H-0490 95/150,,,,Stock Room,
496,UPM DRRM SEMI-Expendable ,Assorted vest customized,,,DRRMH-2022-00092,DRRMH-H-0490 96/150,,,,Stock Room,
497,UPM DRRM SEMI-Expendable ,Assorted vest customized,,,DRRMH-2022-00092,DRRMH-H-0490 97/150,,,,Stock Room,
498,UPM DRRM SEMI-Expendable ,Assorted vest customized,,,DRRMH-2022-00092,DRRMH-H-0490 98/150,,,,Stock Room,
499,UPM DRRM SEMI-Expendable ,Assorted vest customized,,,DRRMH-2022-00092,DRRMH-H-0490 99/150,,,,Stock Room,
500,UPM DRRM SEMI-Expendable ,Assorted vest customized,,,DRRMH-2022-00092,DRRMH-H-0490 100/150,,,,Stock Room,
501,UPM DRRM SEMI-Expendable ,Assorted vest customized,,,DRRMH-2022-00092,DRRMH-H-0490 101/150,,,,Stock Room,
502,UPM DRRM SEMI-Expendable ,Assorted vest customized,,,DRRMH-2022-00092,DRRMH-H-0490 102/150,,,,Stock Room,
503,UPM DRRM SEMI-Expendable ,Assorted vest customized,,,DRRMH-2022-00092,DRRMH-H-0490 103/150,,,,Stock Room,
504,UPM DRRM SEMI-Expendable ,Assorted vest customized,,,DRRMH-2022-00092,DRRMH-H-0490 104/150,,,,Stock Room,
505,UPM DRRM SEMI-Expendable ,Assorted vest customized,,,DRRMH-2022-00092,DRRMH-H-0490 105/150,,,,Stock Room,
506,UPM DRRM SEMI-Expendable ,Assorted vest customized,,,DRRMH-2022-00092,DRRMH-H-0490 106/150,,,,Stock Room,
507,UPM DRRM SEMI-Expendable ,Assorted vest customized,,,DRRMH-2022-00092,DRRMH-H-0490 107/150,,,,Stock Room,
508,UPM DRRM SEMI-Expendable ,Assorted vest customized,,,DRRMH-2022-00092,DRRMH-H-0490 108/150,,,,Stock Room,
509,UPM DRRM SEMI-Expendable ,Assorted vest customized,,,DRRMH-2022-00092,DRRMH-H-0490 109/150,,,,Stock Room,
510,UPM DRRM SEMI-Expendable ,Assorted vest customized,,,DRRMH-2022-00092,DRRMH-H-0490 110/150,,,,Stock Room,
511,UPM DRRM SEMI-Expendable ,Assorted vest customized,,,DRRMH-2022-00092,DRRMH-H-0490 111/150,,,,Stock Room,
512,UPM DRRM SEMI-Expendable ,Assorted vest customized,,,DRRMH-2022-00092,DRRMH-H-0490 112/150,,,,Stock Room,
513,UPM DRRM SEMI-Expendable ,Assorted vest customized,,,DRRMH-2022-00092,DRRMH-H-0490 113/150,,,,Stock Room,
514,UPM DRRM SEMI-Expendable ,Assorted vest customized,,,DRRMH-2022-00092,DRRMH-H-0490 114/150,,,,Stock Room,
515,UPM DRRM SEMI-Expendable ,Assorted vest customized,,,DRRMH-2022-00092,DRRMH-H-0490 115/150,,,,Stock Room,
516,UPM DRRM SEMI-Expendable ,Assorted vest customized,,,DRRMH-2022-00092,DRRMH-H-0490 116/150,,,,Stock Room,
517,UPM DRRM SEMI-Expendable ,Assorted vest customized,,,DRRMH-2022-00092,DRRMH-H-0490 117/150,,,,Stock Room,
518,UPM DRRM SEMI-Expendable ,Assorted vest customized,,,DRRMH-2022-00092,DRRMH-H-0490 118/150,,,,Stock Room,
519,UPM DRRM SEMI-Expendable ,Assorted vest customized,,,DRRMH-2022-00092,DRRMH-H-0490 119/150,,,,Stock Room,
520,UPM DRRM SEMI-Expendable ,Assorted vest customized,,,DRRMH-2022-00092,DRRMH-H-0490 120/150,,,,Stock Room,
521,UPM DRRM SEMI-Expendable ,Assorted vest customized,,,DRRMH-2022-00092,DRRMH-H-0490 121/150,,,,Stock Room,
522,UPM DRRM SEMI-Expendable ,Assorted vest customized,,,DRRMH-2022-00092,DRRMH-H-0490 122/150,,,,Stock Room,
523,UPM DRRM SEMI-Expendable ,Assorted vest customized,,,DRRMH-2022-00092,DRRMH-H-0490 123/150,,,,Stock Room,
524,UPM DRRM SEMI-Expendable ,Assorted vest customized,,,DRRMH-2022-00092,DRRMH-H-0490 124/150,,,,Stock Room,
525,UPM DRRM SEMI-Expendable ,Assorted vest customized,,,DRRMH-2022-00092,DRRMH-H-0490 125/150,,,,Stock Room,
526,UPM DRRM SEMI-Expendable ,Assorted vest customized,,,DRRMH-2022-00092,DRRMH-H-0490 126/150,,,,Stock Room,
527,UPM DRRM SEMI-Expendable ,Assorted vest customized,,,DRRMH-2022-00092,DRRMH-H-0490 127/150,,,,Stock Room,
528,UPM DRRM SEMI-Expendable ,Assorted vest customized,,,DRRMH-2022-00092,DRRMH-H-0490 128/150,,,,Stock Room,
529,UPM DRRM SEMI-Expendable ,Assorted vest customized,,,DRRMH-2022-00092,DRRMH-H-0490 129/150,,,,Stock Room,
530,UPM DRRM SEMI-Expendable ,Assorted vest customized,,,DRRMH-2022-00092,DRRMH-H-0490 130/150,,,,Stock Room,
531,UPM DRRM SEMI-Expendable ,Assorted vest customized,,,DRRMH-2022-00092,DRRMH-H-0490 131/150,,,,Stock Room,
532,UPM DRRM SEMI-Expendable ,Assorted vest customized,,,DRRMH-2022-00092,DRRMH-H-0490 132/150,,,,Stock Room,
533,UPM DRRM SEMI-Expendable ,Assorted vest customized,,,DRRMH-2022-00092,DRRMH-H-0490 133/150,,,,Stock Room,
534,UPM DRRM SEMI-Expendable ,Assorted vest customized,,,DRRMH-2022-00092,DRRMH-H-0490 134/150,,,,Stock Room,
535,UPM DRRM SEMI-Expendable ,Assorted vest customized,,,DRRMH-2022-00092,DRRMH-H-0490 135/150,,,,Stock Room,
536,UPM DRRM SEMI-Expendable ,Assorted vest customized,,,DRRMH-2022-00092,DRRMH-H-0490 136/150,,,,Stock Room,
537,UPM DRRM SEMI-Expendable ,Assorted vest customized,,,DRRMH-2022-00092,DRRMH-H-0490 137/150,,,,Stock Room,
538,UPM DRRM SEMI-Expendable ,Assorted vest customized,,,DRRMH-2022-00092,DRRMH-H-0490 138/150,,,,Stock Room,
539,UPM DRRM SEMI-Expendable ,Assorted vest customized,,,DRRMH-2022-00092,DRRMH-H-0490 139/150,,,,Stock Room,
540,UPM DRRM SEMI-Expendable ,Assorted vest customized,,,DRRMH-2022-00092,DRRMH-H-0490 140/150,,,,Stock Room,
541,UPM DRRM SEMI-Expendable ,Assorted vest customized,,,DRRMH-2022-00092,DRRMH-H-0490 141/150,,,,Stock Room,
542,UPM DRRM SEMI-Expendable ,Assorted vest customized,,,DRRMH-2022-00092,DRRMH-H-0490 142/150,,,,Stock Room,
543,UPM DRRM SEMI-Expendable ,Assorted vest customized,,,DRRMH-2022-00092,DRRMH-H-0490 143/150,,,,Stock Room,
544,UPM DRRM SEMI-Expendable ,Assorted vest customized,,,DRRMH-2022-00092,DRRMH-H-0490 144/150,,,,Stock Room,
545,UPM DRRM SEMI-Expendable ,Assorted vest customized,,,DRRMH-2022-00092,DRRMH-H-0490 145/150,,,,Stock Room,
546,UPM DRRM SEMI-Expendable ,Assorted vest customized,,,DRRMH-2022-00092,DRRMH-H-0490 146/150,,,,Stock Room,
547,UPM DRRM SEMI-Expendable ,Assorted vest customized,,,DRRMH-2022-00092,DRRMH-H-0490 147/150,,,,Stock Room,
548,UPM DRRM SEMI-Expendable ,Assorted vest customized,,,DRRMH-2022-00092,DRRMH-H-0490 148/150,,,,Stock Room,
549,UPM DRRM SEMI-Expendable ,Assorted vest customized,,,DRRMH-2022-00092,DRRMH-H-0490 149/150,,,,Stock Room,
550,UPM DRRM SEMI-Expendable ,Assorted vest customized,,,DRRMH-2022-00092,DRRMH-H-0490 150/150,,,,Stock Room,
551,NICER Project: Simulation-based Learning Laboratory,SMGLV MGLV301e SmartMan Mega code Pro,,,DDRM2021-10-109,NIH-154,,,,Stock Room,
552,NICER Project: Simulation-based Learning Laboratory,Rectangular foldable table 6ft x 2.5ft,,,NIH299-0343,NIH2178 1/10,,,,Stock Room,
553,NICER Project: Simulation-based Learning Laboratory,Rectangular foldable table 6ft x 2.5ft,,,NIH299-0344,NIH2178 2/10,,,,Stock Room,
554,NICER Project: Simulation-based Learning Laboratory,Rectangular foldable table 6ft x 2.5ft,,,NIH299-0345,NIH2178 3/10,,,,Stock Room,
555,NICER Project: Simulation-based Learning Laboratory,Rectangular foldable table 6ft x 2.5ft,,,NIH299-0346,NIH2178 4/10,,,,Stock Room,
556,NICER Project: Simulation-based Learning Laboratory,Rectangular foldable table 6ft x 2.5ft,,,NIH299-0347,NIH2178 5/10,,,,Stock Room,
557,NICER Project: Simulation-based Learning Laboratory,Rectangular foldable table 6ft x 2.5ft,,,NIH299-0348,NIH2178 6/10,,,,Stock Room,
558,NICER Project: Simulation-based Learning Laboratory,Rectangular foldable table 6ft x 2.5ft,,,NIH299-0349,NIH2178 7/10,,,,Hallway,
559,NICER Project: Simulation-based Learning Laboratory,Rectangular foldable table 6ft x 2.5ft,,,NIH299-0350,NIH2178 8/10,,,,Hallway,
560,NICER Project: Simulation-based Learning Laboratory,Rectangular foldable table 6ft x 2.5ft,,,NIH299-0351,NIH2178 9/10,,,,Hallway,
561,NICER Project: Simulation-based Learning Laboratory,Rectangular foldable table 6ft x 2.5ft,,,NIH299-0352,NIH2178 10/10,,,,Hallway,
562,UPM DRRM SEMI-Expendable ,Megaphone with rechargeable battery max power output  60W,,,DRRMH-2022-00092,DRRMH-H-0498 1/15,,,,Stock Room,
563,UPM DRRM SEMI-Expendable ,Megaphone with rechargeable battery max power output  60W,,,DRRMH-2022-00092,DRRMH-H-0498 2/15,,,,Stock Room,
564,UPM DRRM SEMI-Expendable ,Megaphone with rechargeable battery max power output  60W,,,DRRMH-2022-00092,DRRMH-H-0498 3/15,,,,Stock Room,
565,UPM DRRM SEMI-Expendable ,Megaphone with rechargeable battery max power output  60W,,,DRRMH-2022-00092,DRRMH-H-0498 4/15,,,,Stock Room,
566,UPM DRRM SEMI-Expendable ,Megaphone with rechargeable battery max power output  60W,,,DRRMH-2022-00092,DRRMH-H-0498 5/15,,,,Stock Room,
567,UPM DRRM SEMI-Expendable ,Megaphone with rechargeable battery max power output  60W,,,DRRMH-2022-00092,DRRMH-H-0498 6/15,,,,Stock Room,
568,UPM DRRM SEMI-Expendable ,Megaphone with rechargeable battery max power output  60W,,,DRRMH-2022-00092,DRRMH-H-0498 7/15,,,,Stock Room,
569,UPM DRRM SEMI-Expendable ,Megaphone with rechargeable battery max power output  60W,,,DRRMH-2022-00092,DRRMH-H-0498 8/15,,,,Stock Room,
570,UPM DRRM SEMI-Expendable ,Megaphone with rechargeable battery max power output  60W,,,DRRMH-2022-00092,DRRMH-H-0498 9/15,,,,Stock Room,
571,UPM DRRM SEMI-Expendable ,Megaphone with rechargeable battery max power output  60W,,,DRRMH-2022-00092,DRRMH-H-0498 10/15,,,,,
572,UPM DRRM SEMI-Expendable ,Megaphone with rechargeable battery max power output  60W,,,DRRMH-2022-00092,DRRMH-H-0498 11/15,,,,,
573,UPM DRRM SEMI-Expendable ,Megaphone with rechargeable battery max power output  60W,,,DRRMH-2022-00092,DRRMH-H-0498 12/15,,,,,
574,UPM DRRM SEMI-Expendable ,Megaphone with rechargeable battery max power output  60W,,,DRRMH-2022-00092,DRRMH-H-0498 13/15,,,,,
575,UPM DRRM SEMI-Expendable ,Megaphone with rechargeable battery max power output  60W,,,DRRMH-2022-00092,DRRMH-H-0498 14/15,,,,,
576,UPM DRRM SEMI-Expendable ,Megaphone with rechargeable battery max power output  60W,,,DRRMH-2022-00092,DRRMH-H-0498 15/15,,,,Oliver's Cubicle,
577,NICER Project: Simulation-based Learning Laboratory,Megaphone with Rechargeable batteries,,,NIH2019-0322,NIH154,,,,Stock Room,
578,NICER Project: Simulation-based Learning Laboratory,Megaphone with Rechargeable batteries,,,209-0322,2154,,,,,
579,NICER Project: Simulation-based Learning Laboratory,Crown Pro 5008R Portable Sound System,,,2019-0188,1993,,,,Stock Room,
580,NICER Project: Simulation-based Learning Laboratory,Turbo Vaccum w/ 1 extra vaccum filter,,,NIH2021-224,NIHS-257,,,,Stock Room,
581,NICER Project: Simulation-based Learning Laboratory,Commercial Clothing Rack Single Pole gament rack,,,NIH2019-0344,2179 1/6,,,,Silver Room,Broken
582,NICER Project: Simulation-based Learning Laboratory,Commercial Clothing Rack Single Pole gament rack,,,NIH2019-0344,2179 1/3,,,,Silver Room,Broken
583,NICER Project: Simulation-based Learning Laboratory,Commercial Clothing Rack Single Pole gament rack,,,NIH2019-0344,2179 1/2,,,,Silver Room,
584,NICER Project: Simulation-based Learning Laboratory,Commercial Clothing Rack Single Pole gament rack,,,NIH2019-0344,2179 2/3,,,,Gold Room,
585,NICER Project: Simulation-based Learning Laboratory,Commercial Clothing Rack Single Pole gament rack,,,NIH2019-0344,2179 5/6,,,,Silver Room,
586,NICER Project: Simulation-based Learning Laboratory,Commercial Clothing Rack Single Pole gament rack,,,NIH2019-0344,2180    ,,,,,
587,NICER Project: Simulation-based Learning Laboratory,Whiteboard with Corkboard,,,NIH2019-0330,NIH2163,,,,Stock Room,
588,NICER Project: Simulation-based Learning Laboratory,Luggage,,,2019-0325,2157,,,,Stock Room,
589,NICER Project: Simulation-based Learning Laboratory,COMBI Blinds (64sq. Ft.),,,NIH2021-212,NIH-235 1/5,,,,Stock Room,
590,NICER Project: Simulation-based Learning Laboratory,COMBI Blinds (64sq. Ft.),,,NIH2021-212,NIH-235 2/5,,,,Stock Room,
591,NICER Project: Simulation-based Learning Laboratory,COMBI Blinds (64sq. Ft.),,,NIH2021-212,NIH-235 3/5,,,,Conference Room,
592,NICER Project: Simulation-based Learning Laboratory,COMBI Blinds (64sq. Ft.),,,NIH2021-212,NIH-235 4/5,,,,Conference Room,
593,NICER Project: Simulation-based Learning Laboratory,COMBI Blinds (64sq. Ft.),,,NIH2021-212,NIH-235 5/5,,,,DRRM-H Office,
594,NICER Project: Simulation-based Learning Laboratory,COMBI Blinds (13sq. Ft.),,,NIH2021-212,NIH-236,,,,DRRM-H Office,
595,NICER Project: Simulation-based Learning Laboratory,Storage box 95L,,,NIH2019-0328,NIH2160 1/5,,,,Stock Room,
596,NICER Project: Simulation-based Learning Laboratory,Storage box 95L,,,NIH2019-0328,NIH2160 2/5,,,,Stock Room,
597,NICER Project: Simulation-based Learning Laboratory,Storage box 95L,,,NIH2019-0328,NIH2160 3/5,,,,Stock Room,
598,NICER Project: Simulation-based Learning Laboratory,Storage box 95L,,,NIH2019-0328,NIH2160 4/5,,,,Stock Room,
599,NICER Project: Simulation-based Learning Laboratory,Storage box 95L,,,NIH2019-0328,NIH2160 5/5,,,,DOST,
600,NICER Project: Simulation-based Learning Laboratory,Lenovo Yoga 530-14JKB,PF1JABY0,,DRRMH-12052 1/3,DDRMH-H-2019-04-0096,DOST GIA 4101,PTR-012052,,IT Room,
601,NICER Project: Simulation-based Learning Laboratory,Lenovo Yoga 530-14JKB,PF1JAJ9T,,DRRMH-12052 2/3,DDRMH-H-2019-04-0096,DOST GIA-4101.1,PTR-10-226-23,,With Staff,
602,NICER Project: Simulation-based Learning Laboratory,Lenovo Yoga 530-14JKB,PF1JABW5,,DRRMH-12052 3/3,DDRMH-H-2019-04-0096,DOST GIA-4101.2,PTR-10-226-23,,Cubicle 1,
603,NICER Project: Simulation-based Learning Laboratory,Lenovo Yoga 530-15ICH,,,12053 1/2,2019-04-0096,,,,Cubicle 1,
604,NICER Project: Simulation-based Learning Laboratory,Lenovo Yoga 530-15ICH,,,DRRMH-12053 2/2,DDRMH-H-2019-04-0096,,,,,
605,NICER Project: Simulation-based Learning Laboratory,Dell Inspiron 15 3567 Core i3,,,DRRMH-H-12054 1/20,2019-04-0096,,,,IT Room,
606,NICER Project: Simulation-based Learning Laboratory,Dell Inspiron 15 3567 Core i3,,,DRRMH-H-12054 2/20,2019-04-0096,,,,IT Room,
607,NICER Project: Simulation-based Learning Laboratory,Dell Inspiron 15 3567 Core i3,,,DRRMH-H-12054 3/20,2019-04-0096,,,,IT Room,
608,NICER Project: Simulation-based Learning Laboratory,Dell Inspiron 15 3567 Core i3,,,DRRMH-H-12054 4/20,2019-04-0096,,,,IT Room,
609,NICER Project: Simulation-based Learning Laboratory,Dell Inspiron 15 3567 Core i3,,,DRRMH-H-12054 5/20,2019-04-0096,,,,IT Room,
610,NICER Project: Simulation-based Learning Laboratory,Dell Inspiron 15 3567 Core i3,,,DRRMH-H-12054 6/20,2019-04-0096,,,,IT Room,
611,NICER Project: Simulation-based Learning Laboratory,Dell Inspiron 15 3567 Core i3,,,DRRMH-H-12054 7/20,2019-04-0096,,,,IT Room,
612,NICER Project: Simulation-based Learning Laboratory,Dell Inspiron 15 3567 Core i3,,,DRRMH-H-12054 8/20,2019-04-0096,,,,IT Room,
613,NICER Project: Simulation-based Learning Laboratory,Dell Inspiron 15 3567 Core i3,,,DRRMH-H-12054 9/20,2019-04-0096,,,,IT Room,
614,NICER Project: Simulation-based Learning Laboratory,Dell Inspiron 15 3567 Core i3,,,DRRMH-H-12054 10/20,2019-04-0096,,,,IT Room,
615,NICER Project: Simulation-based Learning Laboratory,Dell Inspiron 15 3567 Core i3,,,DRRMH-H-12054 11/20,2019-04-0096,,,,IT Room,
616,NICER Project: Simulation-based Learning Laboratory,Dell Inspiron 15 3567 Core i3,,,DRRMH-H-12054 12/20,2019-04-0096,,,,IT Room,
617,NICER Project: Simulation-based Learning Laboratory,Dell Inspiron 15 3567 Core i3,,,DRRMH-H-12054 13/20,2019-04-0096,,,,IT Room,
618,NICER Project: Simulation-based Learning Laboratory,Dell Inspiron 15 3567 Core i3,,,DRRMH-H-12054 14/20,2019-04-0096,,,,IT Room,
619,NICER Project: Simulation-based Learning Laboratory,Dell Inspiron 15 3567 Core i3,,,DRRMH-H-12054 15/20,2019-04-0096,,,,IT Room,
620,NICER Project: Simulation-based Learning Laboratory,Dell Inspiron 15 3567 Core i3,,,DRRMH-H-12054 16/20,2019-04-0096,,,,IT Room,
621,NICER Project: Simulation-based Learning Laboratory,Dell Inspiron 15 3567 Core i3,,,DRRMH-H-12054 17/20,2019-04-0096,,,,IT Room,
622,NICER Project: Simulation-based Learning Laboratory,Dell Inspiron 15 3567 Core i3,,,DRRMH-H-12054 18/20,2019-04-0096,,,,IT Room,
623,NICER Project: Simulation-based Learning Laboratory,Dell Inspiron 15 3567 Core i3,,,DRRMH-H-12054 19/20,2019-04-0096,,,,IT Room,
624,NICER Project: Simulation-based Learning Laboratory,Dell Inspiron 15 3567 Core i3,,,DRRMH-H-12054 20/20,2019-04-0096,,,,IT Room,
625,NICER Project: Simulation-based Learning Laboratory,Dell Carrying Case,,,12054  1/20,2019-04-0096,,,,IT Room,
626,NICER Project: Simulation-based Learning Laboratory,Dell Carrying Case,,,12054  1/10,2019-04-0096,,,,IT Room,
627,NICER Project: Simulation-based Learning Laboratory,Dell Carrying Case,,,12054  3/20,2019-04-0096,,,,IT Room,
628,NICER Project: Simulation-based Learning Laboratory,Dell Carrying Case,,,12054  1/5 ,2019-04-0096,,,,IT Room,
629,NICER Project: Simulation-based Learning Laboratory,Dell Carrying Case,,,12054  1/4 ,2019-04-0096,,,,IT Room,
630,NICER Project: Simulation-based Learning Laboratory,Dell Carrying Case,,,12054  3/10,2019-04-0096,,,,IT Room,
631,NICER Project: Simulation-based Learning Laboratory,Dell Carrying Case,,,12054  7/20,2019-04-0096,,,,IT Room,
632,NICER Project: Simulation-based Learning Laboratory,Dell Carrying Case,,,12054  2/5 ,2019-04-0096,,,,IT Room,
633,NICER Project: Simulation-based Learning Laboratory,Dell Carrying Case,,,12054  9/20,2019-04-0096,,,,IT Room,
634,NICER Project: Simulation-based Learning Laboratory,Dell Carrying Case,,,12054  1/2 ,2019-04-0096,,,,IT Room,
635,NICER Project: Simulation-based Learning Laboratory,Dell Carrying Case,,,12054 11/20,2019-04-0096,,,,IT Room,
636,NICER Project: Simulation-based Learning Laboratory,Dell Carrying Case,,,12054  3/5 ,2019-04-0096,,,,IT Room,
637,NICER Project: Simulation-based Learning Laboratory,Dell Carrying Case,,,12054 13/20,2019-04-0096,,,,IT Room,
638,NICER Project: Simulation-based Learning Laboratory,Dell Carrying Case,,,12054  7/10,2019-04-0096,,,,IT Room,
639,NICER Project: Simulation-based Learning Laboratory,Dell Carrying Case,,,12054  3/4 ,2019-04-0096,,,,IT Room,
640,NICER Project: Simulation-based Learning Laboratory,Dell Carrying Case,,,12054  4/5 ,2019-04-0096,,,,,
641,NICER Project: Simulation-based Learning Laboratory,Dell Carrying Case,,,12054 17/20,2019-04-0096,,,,,
642,NICER Project: Simulation-based Learning Laboratory,Dell Carrying Case,,,12054  9/10,2019-04-0096,,,,,
643,NICER Project: Simulation-based Learning Laboratory,Dell Carrying Case,,,12054 19/20,2019-04-0096,,,,,
644,NICER Project: Simulation-based Learning Laboratory,Dell Carrying Case,,,12055      ,2019-04-0096,,,,,
645,NICER Project: Simulation-based Learning Laboratory,Lenovo Bag,,,12054  1/20,2019-04-0096,,,,IT Room,
646,NICER Project: Simulation-based Learning Laboratory,Lenovo Bag,,,12054  1/10,2019-04-0096,,,,IT Room,
647,NICER Project: Simulation-based Learning Laboratory,Lenovo Bag,,,12054  3/20,2019-04-0096,,,,IT Room,
648,NICER Project: Simulation-based Learning Laboratory,Lenovo Bag,,,12054  1/5 ,2019-04-0096,,,,IT Room,
649,NICER Project: Simulation-based Learning Laboratory,Lenovo Bag,,,12054  1/4 ,2019-04-0096,,,,IT Room,
650,NICER Project: Simulation-based Learning Laboratory,EPSON FB-S41 LCD Projector,,,2019-03-0062,12019 2/7,,,,IT Room,
651,NICER Project: Simulation-based Learning Laboratory,File organizer filling document box with cover,,,NIH2019-0329,NIH2162 1/10,,,,Gold Room,
652,NICER Project: Simulation-based Learning Laboratory,File organizer filling document box with cover,,,NIH2019-0329,NIH2162 2/10,,,,IT Room,
653,NICER Project: Simulation-based Learning Laboratory,File organizer filling document box with cover,,,NIH2019-0329,NIH2162 3/10,,,,Conference Room,
654,NICER Project: Simulation-based Learning Laboratory,File organizer filling document box with cover,,,NIH2019-0329,NIH2162 4/10,,,,Conference Room,
655,NICER Project: Simulation-based Learning Laboratory,File organizer filling document box with cover,,,NIH2019-0329,NIH2162 5/10,,,,,
656,NICER Project: Simulation-based Learning Laboratory,File organizer filling document box with cover,,,NIH2019-0329,NIH2162 6/10,,,,,
657,NICER Project: Simulation-based Learning Laboratory,File organizer filling document box with cover,,,NIH2019-0329,NIH2162 7/10,,,,Conference Room,
658,NICER Project: Simulation-based Learning Laboratory,File organizer filling document box with cover,,,NIH2019-0329,NIH2162 8/10,,,,Conference Room,
659,NICER Project: Simulation-based Learning Laboratory,File organizer filling document box with cover,,,NIH2019-0329,NIH2162 9/10,,,,Conference Room,
660,NICER Project: Simulation-based Learning Laboratory,File organizer filling document box with cover,,,NIH2019-0329,NIH2162 10/10,,,,Stock Room,
661,NICER Project: Simulation-based Learning Laboratory,Comb Binding Machine,,,NIH2020-0016,NIH-17,,,,IT Room,
662,NICER Project: Simulation-based Learning Laboratory,JBL Harman GO 2 Bluetooth speaker,,,2019-0157,1952 1/7,,,,IT Room,
663,NICER Project: Simulation-based Learning Laboratory,JBL Harman GO 2 Bluetooth speaker,,,2019-0157,1952 2/7,,,,IT Room,
664,NICER Project: Simulation-based Learning Laboratory,JBL Harman GO 2 Bluetooth speaker,,,2019-0157,1952 3/7,,,,IT Room,
665,NICER Project: Simulation-based Learning Laboratory,JBL Harman GO 2 Bluetooth speaker,,,2019-0157,1952 4/7,,,,IT Room,
666,NICER Project: Simulation-based Learning Laboratory,JBL Harman GO 2 Bluetooth speaker,,,2019-0157,1952 5/7,,,,IT Room,
667,NICER Project: Simulation-based Learning Laboratory,JBL Harman GO 2 Bluetooth speaker,,,2019-0157,1952 6/7,,,,IT Room,
668,NICER Project: Simulation-based Learning Laboratory,JBL Harman GO 2 Bluetooth speaker,,,2019-0157,1953    ,,,,Dr.Gundran,
669,NICER Project: Simulation-based Learning Laboratory,Paper Trimmer. metal,,,2018-0165,1553,,,,IT Room,
670,NICER Project: Simulation-based Learning Laboratory,"Paper Cutter - Acura Size 15""x12""",,,NIH-IHPDS2018-02 82,2107,,,,IT Room,
671,NICER Project: Simulation-based Learning Laboratory,Ergodynamic High back mesh executive office chair (Brand: Ofix),,,NIH-IHPD5-2019-02 59,2085  1/12,,,,Gold Room,
672,NICER Project: Simulation-based Learning Laboratory,Ergodynamic High back mesh executive office chair (Brand: Ofix),,,NIH-IHPD5-2019-02 59,2085  1/6 ,,,,Stock Room,
673,NICER Project: Simulation-based Learning Laboratory,Ergodynamic High back mesh executive office chair (Brand: Ofix),,,NIH-IHPD5-2019-02 59,2085  1/4 ,,,,Oliver's Cubicle,
674,NICER Project: Simulation-based Learning Laboratory,Ergodynamic High back mesh executive office chair (Brand: Ofix),,,NIH-IHPD5-2019-02 59,2085  1/3 ,,,,Cubicle 3,
675,NICER Project: Simulation-based Learning Laboratory,Ergodynamic High back mesh executive office chair (Brand: Ofix),,,NIH-IHPD5-2019-02 59,2085  5/12,,,,Silver Room,
676,NICER Project: Simulation-based Learning Laboratory,Ergodynamic High back mesh executive office chair (Brand: Ofix),,,NIH-IHPD5-2019-02 59,2085  1/2 ,,,,Silver Room,
677,NICER Project: Simulation-based Learning Laboratory,Ergodynamic High back mesh executive office chair (Brand: Ofix),,,NIH-IHPD5-2019-02 59,2085  7/12,,,,Gold Room,
678,NICER Project: Simulation-based Learning Laboratory,Ergodynamic High back mesh executive office chair (Brand: Ofix),,,NIH-IHPD5-2019-02 59,2085  2/3 ,,,,Gold Room,
679,NICER Project: Simulation-based Learning Laboratory,Ergodynamic High back mesh executive office chair (Brand: Ofix),,,NIH-IHPD5-2019-02 59,2085  3/4 ,,,,Cubicle 2,
680,NICER Project: Simulation-based Learning Laboratory,Ergodynamic High back mesh executive office chair (Brand: Ofix),,,NIH-IHPD5-2019-02 59,2085  5/6 ,,,,Silver Room,
681,NICER Project: Simulation-based Learning Laboratory,Ergodynamic High back mesh executive office chair (Brand: Ofix),,,NIH-IHPD5-2019-02 59,2085 11/12,,,,Silver Room,
682,NICER Project: Simulation-based Learning Laboratory,Ergodynamic High back mesh executive office chair (Brand: Ofix),,,NIH-IHPD5-2019-02 59,2086      ,,,,Stock Room,
683,NICER Project: Simulation-based Learning Laboratory,TPLINK 24 port gigabit switch,,,NICE2019-0221,2028 1/2,,,,IT Room,
684,NICER Project: Simulation-based Learning Laboratory,TPLINK 24 port gigabit switch,,,NICE2019-0221,2029    ,,,,IT Room,
685,NICER Project: Simulation-based Learning Laboratory,Lateral Filing Cabinet,,,NICE-2019-0238,2055 1/2,DOST GIA-23-2394,PTR-10-226-23,,IT Room,
686,NICER Project: Simulation-based Learning Laboratory,Lateral Filing Cabinet,,,NICE-2019-0238,2056    ,DOST GIA-23-2394.1,PTR-10-226-23,,Hallway,
687,NICER Project: Simulation-based Learning Laboratory,Extreme 3D Pro Joystick,,,NIH2020-44,NIH-50 1/8,,,,IT Room,
688,NICER Project: Simulation-based Learning Laboratory,Extreme 3D Pro Joystick,,,NIH2020-44,NIH-50 2/8,,,,IT Room,
689,NICER Project: Simulation-based Learning Laboratory,Extreme 3D Pro Joystick,,,NIH2020-44,NIH-50 3/8,,,,IT Room,
690,NICER Project: Simulation-based Learning Laboratory,Extreme 3D Pro Joystick,,,NIH2020-44,NIH-50 4/8,,,,IT Room,
691,NICER Project: Simulation-based Learning Laboratory,Extreme 3D Pro Joystick,,,NIH2020-44,NIH-50 5/8,,,,IT Room,
692,NICER Project: Simulation-based Learning Laboratory,Extreme 3D Pro Joystick,,,NIH2020-44,NIH-50 6/8,,,,IT Room,
693,NICER Project: Simulation-based Learning Laboratory,Extreme 3D Pro Joystick,,,NIH2020-44,NIH-50 7/8,,,,IT Room,
694,NICER Project: Simulation-based Learning Laboratory,Extreme 3D Pro Joystick,,,NIH2020-44,NIH-50 8/8,,,,IT Room,
695,NICER Project: Simulation-based Learning Laboratory,Cooler Master Fan MF 120L,,,NIH2020-51,NIH-58 A 1/14,,,,IT Room,
696,NICER Project: Simulation-based Learning Laboratory,Cooler Master Fan MF 120L,,,NIH2020-51,NIH-58 A 2/14,,,,IT Room,
697,NICER Project: Simulation-based Learning Laboratory,Cooler Master Fan MF 120L,,,NIH2020-51,NIH-58 A 3/14,,,,IT Room,
698,NICER Project: Simulation-based Learning Laboratory,Cooler Master Fan MF 120L,,,NIH2020-51,NIH-58 A 4/14,,,,IT Room,
699,NICER Project: Simulation-based Learning Laboratory,Cooler Master Fan MF 120L,,,NIH2020-51,NIH-58 A 5/14,,,,IT Room,
700,NICER Project: Simulation-based Learning Laboratory,Cooler Master Fan MF 120L,,,NIH2020-51,NIH-58 A 6/14,,,,IT Room,
701,NICER Project: Simulation-based Learning Laboratory,Cooler Master Fan MF 120L,,,NIH2020-51,NIH-58 A 7/14,,,,IT Room,
702,NICER Project: Simulation-based Learning Laboratory,Cooler Master Fan MF 120L,,,NIH2020-51,NIH-58 A 8/14,,,,IT Room,
703,NICER Project: Simulation-based Learning Laboratory,Cooler Master Fan MF 120L,,,NIH2020-51,NIH-58 A 9/14,,,,IT Room,
704,NICER Project: Simulation-based Learning Laboratory,Cooler Master Fan MF 120L,,,NIH2020-51,NIH-58 A 10/14,,,,IT Room,
705,NICER Project: Simulation-based Learning Laboratory,Cooler Master Fan MF 120L,,,NIH2020-51,NIH-58 A 11/14,,,,IT Room,
706,NICER Project: Simulation-based Learning Laboratory,Cooler Master Fan MF 120L,,,NIH2020-51,NIH-58 A 12/14,,,,IT Room,
707,NICER Project: Simulation-based Learning Laboratory,Cooler Master Fan MF 120L,,,NIH2020-51,NIH-58 A 13/14,,,,IT Room,
708,NICER Project: Simulation-based Learning Laboratory,Cooler Master Fan MF 120L,,,NIH2020-51,NIH-58 A 14/14,,,,IT Room,
709,NICER Project: Simulation-based Learning Laboratory,HDMI to DVI Cable,,,NIH2020-51,NIH-58 B 1/6,,,,IT Room,
710,NICER Project: Simulation-based Learning Laboratory,HDMI to DVI Cable,,,NIH2020-51,NIH-58 B 2/6,,,,IT Room,
711,NICER Project: Simulation-based Learning Laboratory,HDMI to DVI Cable,,,NIH2020-51,NIH-58 B 3/6,,,,IT Room,
712,NICER Project: Simulation-based Learning Laboratory,HDMI to DVI Cable,,,NIH2020-51,NIH-58 B 4/6,,,,IT Room,
713,NICER Project: Simulation-based Learning Laboratory,HDMI to DVI Cable,,,NIH2020-51,NIH-58 B 5/6,,,,IT Room,
714,NICER Project: Simulation-based Learning Laboratory,HDMI to DVI Cable,,,NIH2020-51,NIH-58 B 6/6,,,,DOST,
715,NICER Project: Simulation-based Learning Laboratory,AD-Link UTP Cable Cat6,,,NIH2020-51,NIH-58 C,,,,IT Room,
716,NICER Project: Simulation-based Learning Laboratory,Sandisk 120gb SSD Plus,,,2049-0147,1942 1/7,,,,Cubicle 1,
717,NICER Project: Simulation-based Learning Laboratory,Sandisk 120gb SSD Plus,,,2049-0147,1942 2/7,,,,Hallway,
718,NICER Project: Simulation-based Learning Laboratory,Sandisk 120gb SSD Plus,,,2049-0147,1942 3/7,,,,Cubicle 3,
719,NICER Project: Simulation-based Learning Laboratory,Sandisk 120gb SSD Plus,,,2049-0147,1942 4/7,,,,Cubicle 1,
720,NICER Project: Simulation-based Learning Laboratory,Sandisk 120gb SSD Plus,,,2049-0147,1942 5/7,,,,Cubicle 4,
721,NICER Project: Simulation-based Learning Laboratory,Sandisk 120gb SSD Plus,,,2049-0147,1942 6/7,,,,Hallway,
722,NICER Project: Simulation-based Learning Laboratory,Sandisk 120gb SSD Plus,,,2049-0147,1943    ,,,,Cubicle 3,
723,NICER Project: Simulation-based Learning Laboratory,Seagate 1T8 7200rgm Hard Drive,,,2019-0102,1885 1/7,,,,IT Room,
724,NICER Project: Simulation-based Learning Laboratory,Seagate 1T8 7200rgm Hard Drive,,,2019-0102,1885 2/7,,,,Cubicle 2,
725,NICER Project: Simulation-based Learning Laboratory,Seagate 1T8 7200rgm Hard Drive,,,2019-0102,1885 3/7,,,,Cubicle 3,
726,NICER Project: Simulation-based Learning Laboratory,Seagate 1T8 7200rgm Hard Drive,,,2019-0102,1885 4/7,,,,Cubicle 1,
727,NICER Project: Simulation-based Learning Laboratory,Seagate 1T8 7200rgm Hard Drive,,,2019-0102,1885 5/7,,,,Hallway,
728,NICER Project: Simulation-based Learning Laboratory,Seagate 1T8 7200rgm Hard Drive,,,2019-0102,1885 6/7,,,,Cubicle 4,
729,NICER Project: Simulation-based Learning Laboratory,Seagate 1T8 7200rgm Hard Drive,,,2019-0102,1886    ,,,,Hallway,
730,NICER Project: Simulation-based Learning Laboratory,Deep Cool DE600V1 Blah,,,CM2019-0299,2128 1/7,,,,Cubicle 1,
731,NICER Project: Simulation-based Learning Laboratory,Deep Cool DE600V1 Blah,,,CM2019-0299,2128 2/7,,,,Cubicle 1,
732,NICER Project: Simulation-based Learning Laboratory,Deep Cool DE600V1 Blah,,,CM2019-0299,2128 3/7,,,,Cubicle 3,
733,NICER Project: Simulation-based Learning Laboratory,Deep Cool DE600V1 Blah,,,CM2019-0299,2128 4/7,,,,IT Room,
734,NICER Project: Simulation-based Learning Laboratory,Deep Cool DE600V1 Blah,,,CM2019-0299,2128 5/7,,,,Hallway,
735,NICER Project: Simulation-based Learning Laboratory,Deep Cool DE600V1 Blah,,,CM2019-0299,2128 6/7,,,,Cubicle 4,
736,NICER Project: Simulation-based Learning Laboratory,Deep Cool DE600V1 Blah,,,CM2019-0299,2129    ,,,,Hallway,
737,NICER Project: Simulation-based Learning Laboratory,APC BX650LI-IVIS 650VA 325W UPS,,,NIH-IHPDS-2019-027,2102 1/7,,,,IT Room,
738,NICER Project: Simulation-based Learning Laboratory,APC BX650LI-IVIS 650VA 325W UPS,,,NIH-IHPDS-2019-027,2102 2/7,,,,Cubicle 1,
739,NICER Project: Simulation-based Learning Laboratory,APC BX650LI-IVIS 650VA 325W UPS,,,NIH-IHPDS-2019-027,2102 3/7,,,,IT Room,
740,NICER Project: Simulation-based Learning Laboratory,APC BX650LI-IVIS 650VA 325W UPS,,,NIH-IHPDS-2019-027,2102 4/7,,,,IT Room,
741,NICER Project: Simulation-based Learning Laboratory,APC BX650LI-IVIS 650VA 325W UPS,,,NIH-IHPDS-2019-027,2102 5/7,,,,Cubicle 2,
742,NICER Project: Simulation-based Learning Laboratory,APC BX650LI-IVIS 650VA 325W UPS,,,NIH-IHPDS-2019-027,2102 6/7,,,,IT Room,
743,NICER Project: Simulation-based Learning Laboratory,APC BX650LI-IVIS 650VA 325W UPS,,,NIH-IHPDS-2019-027,2103    ,,,,IT Room,
744,NICER Project: Simulation-based Learning Laboratory,Sandisk Flashdrive 120gb,,,NIH NICE2019-0203,2011 1/7,,,,Silver Room,
745,NICER Project: Simulation-based Learning Laboratory,Sandisk Flashdrive 120gb,,,NIH NICE2019-0203,2011 2/7,,,,Silver Room,
746,NICER Project: Simulation-based Learning Laboratory,Sandisk Flashdrive 120gb,,,NIH NICE2019-0203,2011 3/7,,,,IT Room,
747,NICER Project: Simulation-based Learning Laboratory,Sandisk Flashdrive 120gb,,,NIH NICE2019-0203,2011 4/7,,,,IT Room,
748,NICER Project: Simulation-based Learning Laboratory,Sandisk Flashdrive 120gb,,,NIH NICE2019-0203,2011 5/7,,,,IT Room,
749,NICER Project: Simulation-based Learning Laboratory,Sandisk Flashdrive 120gb,,,NIH NICE2019-0203,2011 6/7,,,,IT Room,
750,NICER Project: Simulation-based Learning Laboratory,Sandisk Flashdrive 120gb,,,NIH NICE2019-0203,2012    ,,,,IT Room,
751,NICER Project: Simulation-based Learning Laboratory,HDMI (male) to HDMI (male) cable 10 meters,,,2019-0189,1994  1/17,,,,Gold Room,
752,NICER Project: Simulation-based Learning Laboratory,HDMI (male) to HDMI (male) cable 10 meters,,,2019-0189,1994  2/17,,,,Cubicle 1,
753,NICER Project: Simulation-based Learning Laboratory,HDMI (male) to HDMI (male) cable 10 meters,,,2019-0189,1994  3/17,,,,Silver Room,
754,NICER Project: Simulation-based Learning Laboratory,HDMI (male) to HDMI (male) cable 10 meters,,,2019-0189,1994  4/17,,,,IT Room,
755,NICER Project: Simulation-based Learning Laboratory,HDMI (male) to HDMI (male) cable 10 meters,,,2019-0189,1994  5/17,,,,Hallway,
756,NICER Project: Simulation-based Learning Laboratory,HDMI (male) to HDMI (male) cable 10 meters,,,2019-0189,1994  6/17,,,,Conference Room,
757,NICER Project: Simulation-based Learning Laboratory,HDMI (male) to HDMI (male) cable 10 meters,,,2019-0189,1994  7/17,,,,Silver Room,
758,NICER Project: Simulation-based Learning Laboratory,HDMI (male) to HDMI (male) cable 10 meters,,,2019-0189,1994  8/17,,,,IT Room,
759,NICER Project: Simulation-based Learning Laboratory,HDMI (male) to HDMI (male) cable 10 meters,,,2019-0189,1994  9/17,,,,Cubicle 4,
760,NICER Project: Simulation-based Learning Laboratory,HDMI (male) to HDMI (male) cable 10 meters,,,2019-0189,1994 10/17,,,,IT Room,
761,NICER Project: Simulation-based Learning Laboratory,HDMI (male) to HDMI (male) cable 10 meters,,,2019-0189,1994 11/17,,,,IT Room,
762,NICER Project: Simulation-based Learning Laboratory,HDMI (male) to HDMI (male) cable 10 meters,,,2019-0189,1994 12/17,,,,IT Room,
763,NICER Project: Simulation-based Learning Laboratory,HDMI (male) to HDMI (male) cable 10 meters,,,2019-0189,1994 13/17,,,,IT Room,
764,NICER Project: Simulation-based Learning Laboratory,HDMI (male) to HDMI (male) cable 10 meters,,,2019-0189,1994 14/17,,,,IT Room,
765,NICER Project: Simulation-based Learning Laboratory,HDMI (male) to HDMI (male) cable 10 meters,,,2019-0189,1994 15/17,,,,IT Room,
766,NICER Project: Simulation-based Learning Laboratory,HDMI (male) to HDMI (male) cable 10 meters,,,2019-0189,1994 16/17,,,,IT Room,
767,NICER Project: Simulation-based Learning Laboratory,HDMI (male) to HDMI (male) cable 10 meters,,,2019-0189,1995      ,,,,DOST,
768,NICER Project: Simulation-based Learning Laboratory,JBL Bar Studio,,,2019-0148,1943,,,,IT Room,
769,NICER Project: Simulation-based Learning Laboratory,Supply of Tablet 9.7 inch,DMPZ3EVEMF3Q,,NIH2020-07-21,NIH-27 1/50,,,,IT Room,
770,NICER Project: Simulation-based Learning Laboratory,Supply of Tablet 9.7 inch,DMQZGA04MF3Q,,NIH2020-07-21,NIH-27 2/50,,,,IT Room,
771,NICER Project: Simulation-based Learning Laboratory,Supply of Tablet 9.7 inch,DMPZ8QFZMF3Q,,NIH2020-07-21,NIH-27 3/50,,,,IT Room,
772,NICER Project: Simulation-based Learning Laboratory,Supply of Tablet 9.7 inch,DMQZCNW1MF3Q,,NIH2020-07-21,NIH-27 4/50,,,,IT Room,
773,NICER Project: Simulation-based Learning Laboratory,Supply of Tablet 9.7 inch,,,NIH2020-07-21,NIH-27 5/50,,,,With Staff,Ian Bemson C. Santiago
774,NICER Project: Simulation-based Learning Laboratory,Supply of Tablet 9.7 inch,,,NIH2020-07-21,NIH-27 6/50,,,,IT Room,
775,NICER Project: Simulation-based Learning Laboratory,Supply of Tablet 9.7 inch,DMQZG958MF3Q,,NIH2020-07-21,NIH-27 7/50,,,,IT Room,
776,NICER Project: Simulation-based Learning Laboratory,Supply of Tablet 9.7 inch,,,NIH2020-07-21,NIH-27 8/50,,,,IT Room,
777,NICER Project: Simulation-based Learning Laboratory,Supply of Tablet 9.7 inch,,,NIH2020-07-21,NIH-27 9/50,,,,IT Room,
778,NICER Project: Simulation-based Learning Laboratory,Supply of Tablet 9.7 inch,DMQZCNA1MF3Q,,NIH2020-07-21,NIH-27 10/50,,,,IT Room,
779,NICER Project: Simulation-based Learning Laboratory,Supply of Tablet 9.7 inch,DMPZ8G8TMF3Q,,NIH2020-07-21,NIH-27 11/50,,,,IT Room,
780,NICER Project: Simulation-based Learning Laboratory,Supply of Tablet 9.7 inch,DMPZ8J0MMF3Q,,NIH2020-07-21,NIH-27 12/50,,,,IT Room,
781,NICER Project: Simulation-based Learning Laboratory,Supply of Tablet 9.7 inch,DMPZ8RLBMF3Q,,NIH2020-07-21,NIH-27 13/50,,,,IT Room,
782,NICER Project: Simulation-based Learning Laboratory,Supply of Tablet 9.7 inch,DMQZG4ZVMF3Q,,NIH2020-07-21,NIH-27 14/50,,,,IT Room,
783,NICER Project: Simulation-based Learning Laboratory,Supply of Tablet 9.7 inch,DMQZGAC7MF3Q,,NIH2020-07-21,NIH-27 15/50,,,,IT Room,
784,NICER Project: Simulation-based Learning Laboratory,Supply of Tablet 9.7 inch,,,NIH2020-07-21,NIH-27 16/50,,,,IT Room,
785,NICER Project: Simulation-based Learning Laboratory,Supply of Tablet 9.7 inch,DMQZGCE3MF3Q,,NIH2020-07-21,NIH-27 17/50,,,,IT Room,
786,NICER Project: Simulation-based Learning Laboratory,Supply of Tablet 9.7 inch,DMQZGG5KMF3Q,,NIH2020-07-21,NIH-27 18/50,DOST GIA-23-2316.17,,,IT Room,
787,NICER Project: Simulation-based Learning Laboratory,Supply of Tablet 9.7 inch,DMQZG8JHMF3Q,,NIH2020-07-21,NIH-27 19/50,,,,IT Room,
788,NICER Project: Simulation-based Learning Laboratory,Supply of Tablet 9.7 inch,DMQZCPCZMF3Q,,NIH2020-07-21,NIH-27 20/50,,,,IT Room,
789,NICER Project: Simulation-based Learning Laboratory,Supply of Tablet 9.7 inch,DMPZ8H5NMF3Q,,NIH2020-07-21,NIH-27 21/50,,,,IT Room,
790,NICER Project: Simulation-based Learning Laboratory,Supply of Tablet 9.7 inch,DMQZG975MF3Q,,NIH2020-07-21,NIH-27 22/50,,,,IT Room,
791,NICER Project: Simulation-based Learning Laboratory,Supply of Tablet 9.7 inch,DMQZCP76MF3Q,,NIH2020-07-21,NIH-27 23/50,,,,IT Room,
792,NICER Project: Simulation-based Learning Laboratory,Supply of Tablet 9.7 inch,DMPZ901SMF3Q,,NIH2020-07-21,NIH-27 24/50,,,,IT Room,
793,NICER Project: Simulation-based Learning Laboratory,Supply of Tablet 9.7 inch,,,NIH2020-07-21,NIH-27 25/50,,,,IT Room,
794,NICER Project: Simulation-based Learning Laboratory,Supply of Tablet 9.7 inch,,,NIH2020-07-21,NIH-27 26/50,,,,IT Room,
795,NICER Project: Simulation-based Learning Laboratory,Supply of Tablet 9.7 inch,,,NIH2020-07-21,NIH-27 27/50,,,,IT Room,
796,NICER Project: Simulation-based Learning Laboratory,Supply of Tablet 9.7 inch,DMPZ4XZKMF3Q,,NIH2020-07-21,NIH-27 28/50,,,,IT Room,
797,NICER Project: Simulation-based Learning Laboratory,Supply of Tablet 9.7 inch,,,NIH2020-07-21,NIH-27 29/50,,,,IT Room,
798,NICER Project: Simulation-based Learning Laboratory,Supply of Tablet 9.7 inch,,,NIH2020-07-21,NIH-27 30/50,,,,IT Room,
799,NICER Project: Simulation-based Learning Laboratory,Supply of Tablet 9.7 inch,DMQZCMLMMF3Q,,NIH2020-07-21,NIH-27 31/50,,,,IT Room,
800,NICER Project: Simulation-based Learning Laboratory,Supply of Tablet 9.7 inch,,,NIH2020-07-21,NIH-27 32/50,,,,IT Room,
801,NICER Project: Simulation-based Learning Laboratory,Supply of Tablet 9.7 inch,DMQZGAMWMF3Q,,NIH2020-07-21,NIH-27 33/50,,,,IT Room,
802,NICER Project: Simulation-based Learning Laboratory,Supply of Tablet 9.7 inch,DMQZCP4NMF3Q,,NIH2020-07-21,NIH-27 34/50,,,,IT Room,
803,NICER Project: Simulation-based Learning Laboratory,Supply of Tablet 9.7 inch,DMQZGCJMMF3Q,,NIH2020-07-21,NIH-27 35/50,,,,IT Room,
804,NICER Project: Simulation-based Learning Laboratory,Supply of Tablet 9.7 inch,DMQZG8YNMF3Q,,NIH2020-07-21,NIH-27 36/50,,,,IT Room,
805,NICER Project: Simulation-based Learning Laboratory,Supply of Tablet 9.7 inch,DMQZG3MXMF3Q,,NIH2020-07-21,NIH-27 37/50,,,,IT Room,
806,NICER Project: Simulation-based Learning Laboratory,Supply of Tablet 9.7 inch,DMPZ8T5YMF3Q,,NIH2020-07-21,NIH-27 38/50,,,,IT Room,
807,NICER Project: Simulation-based Learning Laboratory,Supply of Tablet 9.7 inch,,,NIH2020-07-21,NIH-27 39/50,,,,IT Room,
808,NICER Project: Simulation-based Learning Laboratory,Supply of Tablet 9.7 inch,DMQZCPFUMF3Q,,NIH2020-07-21,NIH-27 40/50,,,,,
809,NICER Project: Simulation-based Learning Laboratory,Supply of Tablet 9.7 inch,DMPZ39DLMF3Q,,NIH2020-07-21,NIH-27 41/50,,,,Cubicle 1,
810,NICER Project: Simulation-based Learning Laboratory,Supply of Tablet 9.7 inch,DMQZG4T9MF3Q,,NIH2020-07-21,NIH-27 42/50,,,,With Staff,
811,NICER Project: Simulation-based Learning Laboratory,Supply of Tablet 9.7 inch,DMPZ3ABGMF3Q,,NIH2020-07-21,NIH-27 43/50,,,,Cubicle 1,
812,NICER Project: Simulation-based Learning Laboratory,Supply of Tablet 9.7 inch,DMQZG2LZMF3Q,,NIH2020-07-21,NIH-27 44/50,,,,,
813,NICER Project: Simulation-based Learning Laboratory,Supply of Tablet 9.7 inch,,,NIH2020-07-21,NIH-27 45/50,,,,Cubicle 1,
814,NICER Project: Simulation-based Learning Laboratory,Supply of Tablet 9.7 inch,DMQZGFFDMF3Q/DMPZGYWLMF3Q,,NIH2020-07-21,NIH-27 46/50,,,,,
815,NICER Project: Simulation-based Learning Laboratory,Supply of Tablet 9.7 inch,DMQZGB1NMF3Q,,NIH2020-07-21,NIH-27 47/50,,,,,
816,NICER Project: Simulation-based Learning Laboratory,Supply of Tablet 9.7 inch,DMQZGCMPMF3Q,,NIH2020-07-21,NIH-27 48/50,,,,,
817,NICER Project: Simulation-based Learning Laboratory,Supply of Tablet 9.7 inch,,,NIH2020-07-21,NIH-27 49/50,,,,,
818,NICER Project: Simulation-based Learning Laboratory,Supply of Tablet 9.7 inch,DMPZ8M6PMF3Q,,NIH2020-07-21,NIH-27 50/50,,,,Cubicle 1,
819,UPM DRRM SEMI-Expendable ,Printer Epson L5290 All in one Printer,X8H5031570,,DRRMH-2022-00096,DRRMH-H-0511,,,,IT Room,
